9.58,+0.9,Usain BOLT,21 AUG 1986,JAM,Olympiastadion* Berlin (GER),16 AUG 2009
9.69,0.0,Usain BOLT,21 AUG 1986,JAM,National Stadium* Beijing (CHN),16 AUG 2008
9.72,+1.7,Usain BOLT,21 AUG 1986,JAM,Icahn Stadium* New York* NY (USA),31 MAY 2008
9.74,+1.7,Asafa POWELL,23 NOV 1982,JAM,Stadio Guidobaldi* Rieti (ITA),09 SEP 2007
9.77,+1.0,Asafa POWELL,23 NOV 1982,JAM,Z?rich (SUI),18 AUG 2006
9.77,+1.5,Asafa POWELL,23 NOV 1982,JAM,International Stadium* Gateshead (GBR),11 JUN 2006
9.77,+1.6,Asafa POWELL,23 NOV 1982,JAM,Olympic Stadium* Athina (GRE),14 JUN 2005
9.79,+0.1,Maurice GREENE,23 JUL 1974,USA,Athina (GRE),16 JUN 1999
9.84,+0.7,Donovan BAILEY,16 DEC 1967,CAN,Olympic Stadium* Atlanta* GA (USA),27 JUL 1996
9.85,+1.2,Leroy BURRELL,21 FEB 1967,USA,Stade Olympique de la Pontaise* Lausanne (SUI),06 JUL 1994
9.86,+1.2,Carl LEWIS,01 JUL 1961,USA,Olympic Stadium* Tokyo (JPN),25 AUG 1991
9.90,+1.9,Leroy BURRELL,21 FEB 1967,USA,New York* NY (USA),14 JUN 1991
9.92,+1.1,Carl LEWIS,01 JUL 1961,USA,Olympic Stadium* Jamsil* Seoul (KOR),24 SEP 1988
9.93,+1.0,Carl LEWIS,01 JUL 1961,USA,Stadio Olimpico* Roma (ITA),30 AUG 1987
9.93,+1.4,Calvin SMITH,08 JAN 1961,USA,Air Force Academy (USA),03 JUL 1983
9.95,+0.3,Jim HINES,10 SEP 1946,USA,Estadio Ol?mpico* Ciudad de M?xico (MEX),14 OCT 1968
9.9h,+0.9,Charlie GREENE,21 MAR 1945,USA,Sacramento* CA (USA),20 JUN 1968
9.9h,+0.8,Ronnie Ray SMITH,28 MAR 1949,USA,Sacramento* CA (USA),20 JUN 1968
9.9h,+0.9,Jim HINES,10 SEP 1946,USA,Sacramento* CA (USA),20 JUN 1968
10.0h,+2.0,Roger BAMBUCK,22 NOV 1945,FRA,Sacramento* CA (USA),20 JUN 1968
10.0h,+2.0,Charlie GREENE,21 MAR 1945,USA,Sacramento* CA (USA),20 JUN 1968
10.0h,+1.2,Oliver FORD,27 MAR 1947,USA,Albuquerque* NM (USA),31 MAY 1968
10.0h,+0.2,Paul NASH,20 JAN 1947,RSA,Krugersdorp (RSA),02 APR 1968
10.0h,+1.8,Enrique FIGUEROLA,15 JUL 1938,CUB,Budapest (HUN),17 JUN 1967
10.0h,+2.0,Jim HINES,10 SEP 1946,USA,Modesto* CA (USA),27 MAY 1967
10.0h,+1.0,Bob HAYES,20 DEC 1942,USA,National Stadium* Tokyo (JPN),15 OCT 1964
10.0h,0.0,Horacio ESTEVES,06 JUL 1941,VEN,Caracas (VEN),15 AUG 1964
10.0h,+1.8,Harry JEROME,30 SEP 1940,CAN,Saskatoon (CAN),15 JUL 1960
10.0h,+0.9,Armin HARY,22 MAR 1937,FRG,Z?rich (SUI),21 JUN 1960
10.1h,+1.3,Ray NORTON,22 SEP 1937,USA,San Jos? (USA),18 APR 1959
10.1h,+0.9,Leamon KING,13 FEB 1936,USA,Santa Ana* CA (USA),27 OCT 1956
10.1h,+1.4,Leamon KING,13 FEB 1936,USA,Ontario* CA (USA),20 OCT 1956
10.1h,+1.0,Ira MURCHISON,06 FEB 1933,USA,Berlin (GER),04 AUG 1956
10.1h,+0.7,Willie WILLIAMS,12 SEP 1931,USA,Berlin (GER),03 AUG 1956
10.2h,-0.4,Bobby Joe MORROW,15 OCT 1935,USA,Los Angeles* CA (USA),29 JUN 1956
10.2h,-1.3,Ira MURCHISON,06 FEB 1933,USA,Los Angeles* CA (USA),29 JUN 1956
10.2h,0.0,Bobby Joe MORROW,15 OCT 1935,USA,Bakersfield* CA (USA),22 JUN 1956
10.2h,-1.0,Ira MURCHISON,06 FEB 1933,USA,Compton* CA (USA),01 JUN 1956
10.2h,+0.9,Bobby Joe MORROW,15 OCT 1935,USA,Houston* TX (USA),19 MAY 1956
10.2h,+1.1,Heinz F?TTERER,14 OCT 1931,FRG,Yokohama (JPN),31 OCT 1954
10.2h,0.0,McDonald BAILEY,08 DEC 1920,GBR,Beograd (SRB),25 AUG 1951
10.2h,,Barney EWELL,25 FEB 1918,USA,Evanston* IL (USA),09 JUL 1948
10.2h,+0.7,Lloyd LABEACH,28 JUN 1922,PAN,Fresno* CA (USA),15 MAY 1948
10.2h,-0.9,Harold DAVIS,05 JAN 1921,USA,Compton (GBR),06 JUN 1941
10.2h,+1.2,Jesse OWENS,12 SEP 1913,USA,Chicago* IL (USA),20 JUN 1936
10.3h,,Takayoshi YOSHIOKA,02 JUN 1909,JPN,Tokyo (JPN),15 JUN 1935
10.3h,+2.0,Ralph METCALFE,29 MAY 1910,USA,Dairen (JPN),23 SEP 1934
10.3h,,Ralph METCALFE,29 MAY 1910,USA,Nishinomiya (JPN),15 SEP 1934
10.3h,,Christiaan BERGER,27 APR 1911,NED,Amsterdam (NED),26 AUG 1934
10.3h,,Eulace PEACOCK,27 AUG 1914,USA,Oslo (NOR),06 AUG 1934
10.3h,,Ralph METCALFE,29 MAY 1910,USA,Budapest (HUN),12 AUG 1933
10.3h,0.0,Eddie TOLAN,29 SEP 1908,USA,Memorial Coliseum* Los Angeles* CA (USA),01 AUG 1932
10.3h,,Percy WILLIAMS,19 MAY 1908,CAN,Toronto (CAN),09 AUG 1930
10.4h,,Eddie TOLAN,29 SEP 1908,USA,K©ªbenhavn (DEN),25 AUG 1929
10.4h,0.0,Eddie TOLAN,29 SEP 1908,USA,Stockholm (SWE),08 AUG 1929
10.4h,,Charley PADDOCK,11 AUG 1900,USA,Redlands* CA (USA),23 APR 1921
10.6h,,Jackson SCHOLZ,15 MAR 1897,USA,Stockholm (SWE),16 SEP 1920
10.6h,,Donald LIPPINCOTT,16 NOV 1893,USA,Olympiastadion* Stockholm (SWE),06 JUL 1912
19.19,-0.3,Usain BOLT,21 AUG 1986,JAM,Olympiastadion* Berlin (GER),20 AUG 2009
19.30,-0.9,Usain BOLT,21 AUG 1986,JAM,National Stadium* Beijing (CHN),20 AUG 2008
19.32,+0.4,Michael JOHNSON,13 SEP 1967,USA,Olympic Stadium* Atlanta* GA (USA),01 AUG 1996
19.66,+1.7,Michael JOHNSON,13 SEP 1967,USA,Atlanta* GA (USA),23 JUN 1996
19.72,+1.8,Pietro MENNEA,28 JUN 1952,ITA,Ciudad de M?xico (MEX),12 SEP 1979
19.8h,+1.3,Don QUARRIE,25 FEB 1951,JAM,Eugene* OR (USA),07 JUN 1975
19.8h,+1.0,Don QUARRIE,25 FEB 1951,JAM,Cali (COL),03 AUG 1971
19.8h,+0.9,Tommie SMITH,06 JUN 1944,USA,Estadio Ol?mpico* Ciudad de M?xico (MEX),16 OCT 1968
20.0h y,0.0,Tommie SMITH,06 JUN 1944,USA,Sacramento* CA (USA),11 JUN 1966
20.2h y,+0.5,Henry CARR,27 NOV 1942,USA,Tempe* AZ (USA),04 APR 1964
20.3h y,-0.1,Henry CARR,27 NOV 1942,USA,Tempe* AZ (USA),23 MAR 1963
20.5h y,-1.1,Otis Paul DRAYTON,08 MAY 1939,USA,Walnut* CA (USA),23 JUN 1962
20.5h,0.0,Livio BERRUTI,19 MAY 1939,ITA,Stadio Olimpico* Roma (ITA),03 SEP 1960
20.5h,,Livio BERRUTI,19 MAY 1939,ITA,Stadio Olimpico* Roma (ITA),03 SEP 1960
20.5h,0.0,Ray NORTON,22 SEP 1937,USA,Palo Alto* CA (USA),02 JUL 1960
20.5h,,Stone JOHNSON,26 APR 1940,USA,Palo Alto* CA (USA),02 JUL 1960
20.5h y,,Peter RADFORD,20 SEP 1939,GBR,Wolverhampton (GBR),28 MAY 1960
20.6h,,Ray NORTON,22 SEP 1937,USA,Philadelphia* PA (USA),23 APR 1960
20.6h y,-1.6,Ray NORTON,22 SEP 1937,USA,Berkeley* CA (USA),19 MAR 1960
20.6h,,Manfred GERMAR,10 MAR 1935,FRG,Wuppertal (GER),01 OCT 1958
20.6h,,Bobby Joe MORROW,15 OCT 1935,USA,Cricket Ground* Melbourne (AUS),27 NOV 1956
20.6h,0.0,Thane BAKER,04 OCT 1931,USA,Bakersfield* CA (USA),23 JUN 1956
20.6h,,Andy STANFIELD,29 DEC 1927,USA,Los Angeles* CA (USA),27 JUN 1952
20.6h y,,Andy STANFIELD,29 DEC 1927,USA,Philadelphia* PA (USA),26 MAY 1951
43.03,,Wayde VAN NIEKERK,15 JUL 1992,RSA,Est?dio Ol?mpico* Rio de Janeiro (BRA),14 AUG 2016
43.18,,Michael JOHNSON,13 SEP 1967,USA,La Cartuja* Sevilla (ESP),26 AUG 1999
43.29,,Butch REYNOLDS,08 JUN 1964,USA,Letzigrund* Z?rich (SUI),17 AUG 1988
43.86,,Lee EVANS,25 FEB 1947,USA,Estadio Ol?mpico* Ciudad de M?xico (MEX),18 OCT 1968
44.1h,,Larry JAMES,06 NOV 1947,USA,Echo Summit (USA),14 SEP 1968
44.5h,,Tommie SMITH,06 JUN 1944,USA,San Jos? (USA),20 MAY 1967
44.9h,,Mike LARRABEE,02 DEC 1933,USA,Los Angeles* CA (USA),12 SEP 1964
44.9h y,,Adolph PLUMMER,03 JAN 1938,USA,Tempe* AZ (USA),25 MAY 1963
44.9h,,Carl KAUFMANN,25 MAR 1936,FRG,Stadio Olimpico* Roma (ITA),06 SEP 1960
44.9h,,Otis DAVIS,12 JUL 1932,USA,Stadio Olimpico* Roma (ITA),06 SEP 1960
45.2h,,Lou JONES,15 JAN 1932,USA,Los Angeles* CA (USA),30 JUN 1956
45.4h,,Lou JONES,15 JAN 1932,USA,Ciudad de M?xico (MEX),18 MAR 1955
45.8h,,George RHODEN,13 DEC 1926,JAM,Eskilstuna (SWE),22 AUG 1950
45.9h,,Herb MCKENLEY,10 JUL 1922,JAM,Milwaukee* WI (USA),02 JUL 1948
46.0h y,,Herb MCKENLEY,10 JUL 1922,JAM,Berkeley* CA (USA),05 JUN 1948
46.0h,,Grover KLEMMER,16 MAR 1921,USA,Philadelphia* PA (USA),29 JUN 1941
46.0h,,Rudolf HARBIG,08 NOV 1913,GER,Frankfurt (GER),12 AUG 1939
46.1h,,Archie WILLIAMS,01 MAY 1915,USA,Chicago* IL (USA),19 JUN 1936
46.2h,,Bill CARR,24 OCT 1909,USA,Memorial Coliseum* Los Angeles* CA (USA),05 AUG 1932
46.4h y,,Ben EASTMAN,09 JUL 1911,USA,Palo Alto* CA (USA),26 MAR 1932
47.0h,,Bud SPENCER,14 OCT 1906,USA,Palo Alto* CA (USA),12 MAY 1928
47.4h,,Ted MEREDITH,14 NOV 1891,USA,Cambridge* MA (USA),27 MAY 1916
48.2h,,Charles REIDPATH,20 SEP 1889,USA,Olympiastadion* Stockholm (SWE),13 JUL 1912
47.8h,,Maxey LONG,16 OCT 1878,USA,New York* NY (USA),29 SEP 1900
1:40.91,,David RUDISHA,17 DEC 1988,KEN,Olympic Stadium* London (GBR),09 AUG 2012
1:41.01,,David RUDISHA,17 DEC 1988,KEN,Stadio Guidobaldi* Rieti (ITA),29 AUG 2010
1:41.09,,David RUDISHA,17 DEC 1988,KEN,Olympiastadion* Berlin (GER),22 AUG 2010
1:41.11,,Wilson KIPKETER,12 DEC 1972,DEN,K?ln (GER),24 AUG 1997
1:41.24,,Wilson KIPKETER,12 DEC 1972,DEN,Z?rich (SUI),13 AUG 1997
1:41.73,,Wilson KIPKETER,12 DEC 1972,DEN,Stockholm (SWE),07 JUL 1997
1:41.73,,Sebastian COE,29 SEP 1956,GBR,Firenze (ITA),10 JUN 1981
1:42.33,,Sebastian COE,29 SEP 1956,GBR,Oslo (NOR),05 JUL 1979
1:43.4h,,Alberto JUANTORENA,03 DEC 1950,CUB,Sofia (BUL),21 AUG 1977
1:43.5h,,Alberto JUANTORENA,03 DEC 1950,CUB,Olympic Stadium* Montr?al (CAN),25 JUL 1976
1:43.7h,,Marcello FIASCONARO,19 JUL 1949,ITA,Milano (ITA),27 JUN 1973
1:44.3h,,David WOTTLE,07 AUG 1950,USA,Eugene* OR (USA),01 JUL 1972
1:44.3h,,Ralph DOUBELL,11 FEB 1945,AUS,Estadio Ol?mpico* Ciudad de M?xico (MEX),15 OCT 1968
1:44.3h,,Peter SNELL,17 DEC 1938,NZL,Christchurch (NZL),03 FEB 1962
1:45.7h,,Roger MO?NS,26 APR 1930,BEL,Oslo (NOR),03 AUG 1955
1:46.6h,,Rudolf HARBIG,08 NOV 1913,GER,Milano (ITA),15 JUL 1939
1:48.4h,,Sydney WOODERSON,30 AUG 1914,GBR,Motspur Park (GBR),20 AUG 1938
1:49.6h,,Elroy ROBINSON,04 JAN 1913,USA,New York* NY (USA),11 JUL 1937
1:49.7h,,Glenn CUNNINGHAM,04 AUG 1909,USA,Stockholm (SWE),20 AUG 1936
1:49.8h,,Ben EASTMAN,09 JUL 1911,USA,Princeton* NJ (USA),16 JUN 1934
1:49.8h,,Tom HAMPSON,28 OCT 1907,GBR,Memorial Coliseum* Los Angeles* CA (USA),02 AUG 1932
1:50.6h,,S?ra MARTIN,02 JUL 1906,FRA,Colombes (FRA),04 JUL 1928
1:51.6h y,,Otto PELTZER,08 MAR 1900,GER,London (GBR),03 JUL 1926
1:51.9h,,Ted MEREDITH,14 NOV 1891,USA,Olympiastadion* Stockholm (SWE),08 JUL 1912
2:11.96,,Noah NGENY,02 NOV 1978,KEN,Rieti (ITA),05 SEP 1999
2:12.18,,Sebastian COE,29 SEP 1956,GBR,Oslo (NOR),11 JUL 1981
2:13.40,,Sebastian COE,29 SEP 1956,GBR,Oslo (NOR),01 JUL 1980
2:13.9h,,Rick WOHLHUTER,23 DEC 1948,USA,Oslo (NOR),30 JUL 1974
2:16.0h,,Danie MALAN,26 JUN 1950,RSA,M?nchen (GER),24 JUN 1973
2:16.2h,,Franz-Josef KEMPER,30 SEP 1945,FRG,Hannover (GER),21 SEP 1966
2:16.2h,,J?rgen MAY,18 JUN 1942,GDR,Erfurt (GER),20 JUL 1965
2:16.6h,,Peter SNELL,17 DEC 1938,NZL,Auckland (NZL),12 NOV 1964
2:16.7h,,Siegfried VALENTIN,23 FEB 1936,GDR,Potsdam (GDR),19 JUL 1960
2:17.8h,,Dan WAERN,17 JAN 1933,SWE,Karlstad (SWE),21 AUG 1959
2:18.1h,,Dan WAERN,17 JAN 1933,SWE,Turku (FIN),19 SEP 1958
2:19.0h,,Istv?n R?ZSAV?LGYI,30 MAR 1929,HUN,Tatab?nya (HUN),21 SEP 1955
2:19.0h,,Audun BOYSEN,10 MAY 1929,NOR,G?teborg (SWE),30 AUG 1955
2:19.5h,,Audun BOYSEN,10 MAY 1929,NOR,G?vle (SWE),18 AUG 1954
2:20.4h,,Audun BOYSEN,10 MAY 1929,NOR,Oslo (NOR),17 SEP 1953
2:20.8h,,Malvin WHITFIELD,11 OCT 1924,USA,Eskilstuna (SWE),16 AUG 1953
2:21.2h,,Stanislav JUNGWIRTH,15 AUG 1930,TCH,Star? Boleslav (TCH),26 OCT 1952
2:21.3h,,Olle ?BERG,24 JAN 1925,SWE,K©ªbenhavn (DEN),10 AUG 1952
2:21.4h,,Marcel HANSENNE,24 JAN 1917,FRA,G?teborg (SWE),27 AUG 1948
2:21.4h,,Rune GUSTAFSSON,01 DEC 1919,SWE,Bor?s (SWE),04 SEP 1946
2:21.5h,,Rudolf HARBIG,08 NOV 1913,GER,Dresden (GER),24 MAY 1941
2:23.6h,,Jules LADOUM?GUE,10 DEC 1906,FRA,Paris (FRA),19 OCT 1930
2:25.8h,,Otto PELTZER,08 MAR 1900,GER,Colombes (FRA),18 SEP 1927
2:26.8h,,S?ra MARTIN,02 JUL 1906,FRA,Colombes (FRA),30 SEP 1926
2:28.6h,,Sven Emil LUNDGREN,29 SEP 1896,SWE,Stockholm (SWE),27 SEP 1922
2:29.1h,,Anatole BOLIN,28 SEP 1893,SWE,Stockholm (SWE),22 SEP 1918
2:32.3h,,Georg MICKLER,07 SEP 1892,GER,Hannover (GER),22 JUN 1913
3:26.00,,Hicham EL GUERROUJ,14 SEP 1974,MAR,Stadio Olimpico* Roma (ITA),14 JUL 1998
3:27.37,,Noureddine MORCELI,28 FEB 1970,ALG,Nice (FRA),12 JUL 1995
3:28.86,,Noureddine MORCELI,28 FEB 1970,ALG,Rieti (ITA),06 SEP 1992
3:29.46,,Sa?d AOUITA,02 NOV 1959,MAR,Olympiastadion* Berlin (GER),23 AUG 1985
3:29.67,,Steve CRAM,14 OCT 1960,GBR,Nice (FRA),16 JUL 1985
3:30.77,,Steve OVETT,09 OCT 1955,GBR,Rieti (ITA),04 SEP 1983
3:31.24,,Sydney MAREE,09 SEP 1956,USA,K?ln (GER),28 AUG 1983
3:31.36,,Steve OVETT,09 OCT 1955,GBR,Koblenz (GER),27 AUG 1980
3:32.1h,,Steve OVETT,09 OCT 1955,GBR,Oslo (NOR),15 JUL 1980
3:32.1h,,Sebastian COE,29 SEP 1956,GBR,Z?rich (SUI),15 AUG 1979
3:32.2h,,Filbert BAYI,23 JUN 1953,TAN,Christchurch (NZL),02 FEB 1974
3:33.1h,,Jim RYUN,29 APR 1947,USA,Los Angeles* CA (USA),08 JUL 1967
3:35.6h,,Herb ELLIOTT,25 FEB 1938,AUS,Stadio Olimpico* Roma (ITA),06 SEP 1960
3:36.0h,,Herb ELLIOTT,25 FEB 1938,AUS,G?teborg (SWE),28 AUG 1958
3:38.1h,,Stanislav JUNGWIRTH,15 AUG 1930,TCH,Star? Boleslav (TCH),12 JUL 1957
3:40.2h,,Olavi SALONEN,20 DEC 1933,FIN,Turku (FIN),11 JUL 1957
3:40.2h,,Olavi SALSOLA,26 DEC 1933,FIN,Turku (FIN),11 JUL 1957
3:40.6h,,Istv?n R?ZSAV?LGYI,30 MAR 1929,HUN,Tata (HUN),03 AUG 1956
3:40.8h,,Gunnar NIELSEN,25 MAR 1928,DEN,Oslo (NOR),06 SEP 1955
3:40.8h,,L?szl? T?BORI,06 JUL 1931,HUN,Oslo (NOR),06 SEP 1955
3:40.8h,,S?ndor IHAROS,20 MAR 1930,HUN,Helsinki (FIN),28 JUL 1955
3:41.8h,,John LANDY,04 APR 1930,AUS,Turku (FIN),21 JUN 1954
3:42.8h,,Wes SANTEE,25 MAR 1932,USA,Compton* CA (USA),04 JUN 1954
3:43.0h,,Werner LUEG,16 SEP 1931,FRG,Berlin (GER),29 JUN 1952
3:43.0h,,Lennart STRAND,13 JUN 1921,SWE,Malm? (SWE),15 JUL 1947
3:43.0h,,Gunder H?GG,31 DEC 1918,SWE,G?teborg (SWE),07 JUL 1944
3:45.0h,,Arne ANDERSSON,27 OCT 1917,SWE,G?teborg (SWE),17 AUG 1943
3:45.8h,,Gunder H?GG,31 DEC 1918,SWE,Stockholm (SWE),17 JUL 1942
3:47.6h,,Gunder H?GG,31 DEC 1918,SWE,Stockholm (SWE),10 AUG 1941
3:47.8h,,Jack LOVELOCK,05 JAN 1910,NZL,Olympiastadion* Berlin (GER),06 AUG 1936
3:48.8h,,Bill BONTHRON,01 NOV 1912,USA,Milwaukee* WI (USA),30 JUN 1934
3:49.0h,,Luigi BECCALI,19 NOV 1907,ITA,Milano (ITA),17 SEP 1933
3:49.2h,,Luigi BECCALI,19 NOV 1907,ITA,Torino (ITA),09 SEP 1933
3:49.2h,,Jules LADOUM?GUE,10 DEC 1906,FRA,Paris (FRA),05 OCT 1930
3:51.0h,,Otto PELTZER,08 MAR 1900,GER,Berlin (GER),11 SEP 1926
3:52.6h,,Paavo NURMI,13 JUN 1897,FIN,Helsinki (FIN),19 JUN 1924
3:54.7h,,John ZANDER,31 JAN 1890,SWE,Stockholm (SWE),05 AUG 1917
3:55.8h,,Abel KIVIAT,23 JUN 1892,USA,Cambridge* MA (USA),06 AUG 1912
3:43.13,,Hicham EL GUERROUJ,14 SEP 1974,MAR,Stadio Olimpico* Roma (ITA),07 JUL 1999
3:44.39,,Noureddine MORCELI,28 FEB 1970,ALG,Rieti (ITA),05 SEP 1993
3:46.32,,Steve CRAM,14 OCT 1960,GBR,Oslo (NOR),27 JUL 1985
3:47.33,,Sebastian COE,29 SEP 1956,GBR,Bruxelles (BEL),28 AUG 1981
3:48.40,,Steve OVETT,09 OCT 1955,GBR,Koblenz (GER),26 AUG 1981
3:48.53,,Sebastian COE,29 SEP 1956,GBR,Z?rich (SUI),19 AUG 1981
3:48.8h,,Steve OVETT,09 OCT 1955,GBR,Oslo (NOR),01 JUL 1980
3:49.0h,,Sebastian COE,29 SEP 1956,GBR,Oslo (NOR),17 JUL 1979
3:49.4h,,John WALKER,12 JAN 1952,NZL,G?teborg (SWE),12 AUG 1975
3:51.0h,,Filbert BAYI,23 JUN 1953,TAN,Kingston (JAM),17 MAY 1975
3:51.1h,,Jim RYUN,29 APR 1947,USA,Bakersfield* CA (USA),23 JUN 1967
3:51.3h,,Jim RYUN,29 APR 1947,USA,Berkeley* CA (USA),17 JUL 1966
3:53.6h,,Michel JAZY,13 JUN 1936,FRA,Rennes (FRA),09 JUN 1965
3:54.1h,,Peter SNELL,17 DEC 1938,NZL,Auckland (NZL),17 NOV 1964
3:54.4h,,Peter SNELL,17 DEC 1938,NZL,Wanganui (NZL),27 JAN 1962
3:54.5h,,Herb ELLIOTT,25 FEB 1938,AUS,Dublin (IRL),06 AUG 1958
3:57.2h,,Derek IBBOTSON,17 JUN 1932,GBR,London (GBR),19 JUL 1957
3:58.0h,,John LANDY,04 APR 1930,AUS,Turku (FIN),21 JUN 1954
3:59.4h,,Roger BANNISTER,23 MAR 1929,GBR,Oxford (GBR),06 MAY 1954
4:01.4h,,Gunder H?GG,31 DEC 1918,SWE,Malm? (SWE),17 JUL 1945
4:01.6h,,Arne ANDERSSON,27 OCT 1917,SWE,Malm? (SWE),18 JUL 1944
4:02.6h,,Arne ANDERSSON,27 OCT 1917,SWE,G?teborg (SWE),01 JUL 1943
4:04.6h,,Gunder H?GG,31 DEC 1918,SWE,Stockholm (SWE),04 SEP 1942
4:06.2h,,Arne ANDERSSON,27 OCT 1917,SWE,Stockholm (SWE),10 JUL 1942
4:06.2h,,Gunder H?GG,31 DEC 1918,SWE,G?teborg (SWE),01 JUL 1942
4:06.4h,,Sydney WOODERSON,30 AUG 1914,GBR,Motspur Park (GBR),28 AUG 1937
4:06.8h,,Glenn CUNNINGHAM,04 AUG 1909,USA,Princeton* NJ (USA),16 JUN 1934
4:07.6h,,Jack LOVELOCK,05 JAN 1910,NZL,Princeton* NJ (USA),15 JUL 1933
4:09.2h,,Jules LADOUM?GUE,10 DEC 1906,FRA,Paris (FRA),04 OCT 1931
4:10.4h,,Paavo NURMI,13 JUN 1897,FIN,Stockholm (SWE),23 AUG 1923
4:12.6h,,Norman TABER,03 SEP 1891,USA,Cambridge* MA (USA),16 JUL 1915
4:14.4h,,John Paul JONES,15 OCT 1890,USA,Cambridge* MA (USA),31 MAY 1913
4:44.79,,Hicham EL GUERROUJ,14 SEP 1974,MAR,Olympiastadion* Berlin (GER),07 SEP 1999
4:47.88,,Noureddine MORCELI,28 FEB 1970,ALG,Paris (FRA),03 JUL 1995
4:50.81,,Sa?d AOUITA,02 NOV 1959,MAR,Paris (FRA),16 JUL 1987
4:51.39,,Steve CRAM,14 OCT 1960,GBR,Budapest (HUN),04 AUG 1985
4:51.4h,,John WALKER,12 JAN 1952,NZL,Oslo (NOR),30 JUN 1976
4:56.2h,,Michel JAZY,13 JUN 1936,FRA,St-Maur (FRA),12 OCT 1966
4:57.8h,,Harald NORPOTH,22 AUG 1942,FRG,Hagen (GER),10 SEP 1966
5:01.1h,,Josef ODLO?IL,11 NOV 1938,TCH,Star? Boleslav (TCH),08 SEP 1965
5:01.6h,,Michel JAZY,13 JUN 1936,FRA,Paris (FRA),14 JUN 1962
5:02.2h,,Istv?n R?ZSAV?LGYI,30 MAR 1929,HUN,Budapest (HUN),02 OCT 1955
5:07.0h,,Gaston REIFF,24 FEB 1921,BEL,Bruxelles (BEL),29 SEP 1948
5:11.8h,,Gunder H?GG,31 DEC 1918,SWE,?stersund (SWE),23 AUG 1942
5:16.4h,,Gunder H?GG,31 DEC 1918,SWE,Malm? (SWE),21 JUL 1942
5:16.8h,,Archie SAN ROMANI,17 SEP 1912,USA,Helsinki (FIN),26 AUG 1937
5:18.4h,,Henry JONSSON,12 MAY 1912,SWE,Stockholm (SWE),02 JUL 1937
5:20.4h,,Mikl?s SZAB?,06 DEC 1908,HUN,Budapest (HUN),04 OCT 1936
5:21.8h,,Jules LADOUM?GUE,10 DEC 1906,FRA,Paris (FRA),02 JUL 1931
5:23.4h,,Eino BORG,02 FEB 1900,FIN,Viipuri (FIN),09 AUG 1927
5:24.6h,,Paavo NURMI,13 JUN 1897,FIN,Kuopio (FIN),18 JUN 1927
5:26.0h,,Edvin WIDE,22 FEB 1896,SWE,Stockholm (SWE),11 JUN 1925
5:26.4h,,Paavo NURMI,13 JUN 1897,FIN,Tampere (FIN),04 SEP 1922
5:30.4h,,John ZANDER,31 JAN 1890,SWE,Stockholm (SWE),16 JUN 1918
7:20.67,,Daniel KOMEN,17 MAY 1976,KEN,Rieti (ITA),01 SEP 1996
7:25.11,,Noureddine MORCELI,28 FEB 1970,ALG,Stade Louis II* Monaco (MON),02 AUG 1994
7:28.96,,Moses KIPTANUI,01 OCT 1970,KEN,K?ln (GER),16 AUG 1992
7:29.45,,Sa?d AOUITA,02 NOV 1959,MAR,K?ln (GER),20 AUG 1989
7:32.1h,,Henry RONO,12 FEB 1952,KEN,Oslo (NOR),27 JUN 1978
7:35.2h,,Brendan FOSTER,12 JAN 1948,GBR,Gateshead (GBR),03 AUG 1974
7:37.6h,,Emiel PUTTEMANS,08 OCT 1947,BEL,?rhus (DEN),14 SEP 1972
7:39.6h,,Kipchoge KEINO,17 JAN 1940,KEN,Helsingborg (SWE),27 AUG 1965
7:46.0h,,Siegfried HERRMANN,07 NOV 1932,GDR,Erfurt (GER),05 AUG 1965
7:49.0h,,Michel JAZY,13 JUN 1936,FRA,Melun (FRA),23 JUN 1965
7:49.2h,,Michel JAZY,13 JUN 1936,FRA,St-Maur (FRA),27 JUN 1962
7:52.8h,,Gordon PIRIE,10 FEB 1931,GBR,Malm? (SWE),04 SEP 1956
7:55.6h,,Gordon PIRIE,10 FEB 1931,GBR,Trondheim (NOR),22 JUN 1956
7:55.6h,,S?ndor IHAROS,20 MAR 1930,HUN,Budapest (HUN),14 MAY 1955
7:58.8h,,Gaston REIFF,24 FEB 1921,BEL,G?vle (SWE),12 AUG 1949
8:01.2h,,Gunder H?GG,31 DEC 1918,SWE,Stockholm (SWE),28 AUG 1942
8:09.0h,,Henry K?LARNE,12 MAY 1912,SWE,Stockholm (SWE),14 AUG 1940
8:14.8h,,Gunnar H?CKERT,12 OCT 1910,FIN,Stockholm (SWE),16 SEP 1936
8:18.4h,,Henry NIELSEN,02 OCT 1910,DEN,Stockholm (SWE),24 JUL 1934
8:18.8h,,Janusz KUSOCI?SKI,15 JAN 1907,POL,Antwerpen (BEL),19 JUN 1932
8:20.4h,,Paavo NURMI,13 JUN 1897,FIN,Stockholm (SWE),12 JUL 1926
8:25.4h,,Paavo NURMI,13 JUN 1897,FIN,Berlin (GER),24 MAY 1926
8:27.6h,,Edvin WIDE,22 FEB 1896,SWE,Halmstad (SWE),07 JUN 1925
8:28.6h,,Paavo NURMI,13 JUN 1897,FIN,Turku (FIN),27 AUG 1922
8:33.2h,,John ZANDER,31 JAN 1890,SWE,Stockholm (SWE),07 AUG 1918
8:36.8h,,Hannes KOLEHMAINEN,09 DEC 1889,FIN,Olympiastadion* Stockholm (SWE),06 JUL 1912
12:35.36,,Joshua CHEPTEGEI,12 SEP 1996,UGA,Stade Louis II* Monaco (MON),14 AUG 2020
12:37.35,,Kenenisa BEKELE,13 JUN 1982,ETH,Blankers-Koen Stadion* Hengelo (NED),31 MAY 2004
12:39.36,,Haile GEBRSELASSIE,18 APR 1973,ETH,Helsinki (FIN),13 JUN 1998
12:39.74,,Daniel KOMEN,17 MAY 1976,KEN,Bruxelles (BEL),22 AUG 1997
12:41.86,,Haile GEBRSELASSIE,18 APR 1973,ETH,Z?rich (SUI),13 AUG 1997
12:44.39,,Haile GEBRSELASSIE,18 APR 1973,ETH,Z?rich (SUI),16 AUG 1995
12:55.30,,Moses KIPTANUI,01 OCT 1970,KEN,Stadio Olimpico* Roma (ITA),08 JUN 1995
12:56.96,,Haile GEBRSELASSIE,18 APR 1973,ETH,Blankers-Koen Stadion* Hengelo (NED),04 JUN 1994
12:58.39,,Sa?d AOUITA,02 NOV 1959,MAR,Roma (ITA),22 JUL 1987
13:00.40,,Sa?d AOUITA,02 NOV 1959,MAR,Oslo (NOR),27 JUL 1985
13:00.41,,David MOORCROFT,10 APR 1953,GBR,Oslo (NOR),07 JUL 1982
13:06.20,,Henry RONO,12 FEB 1952,KEN,Knarvik (NOR),13 SEP 1981
13:08.4h,,Henry RONO,12 FEB 1952,KEN,Berkeley* CA (USA),08 APR 1978
13:12.87,,Dick QUAX,1948,NZL,Stockholm (SWE),05 JUL 1977
13:13.0h,,Emiel PUTTEMANS,08 OCT 1947,BEL,Bruxelles (BEL),20 SEP 1972
13:16.4h,,Lasse VIREN,22 JUL 1949,FIN,Helsinki (FIN),14 SEP 1972
13:16.6h,,Ron CLARKE,21 FEB 1937,AUS,Stockholm (SWE),05 JUL 1966
13:24.2h,,Kipchoge KEINO,17 JAN 1940,KEN,Auckland (NZL),30 NOV 1965
13:25.8h,,Ron CLARKE,21 FEB 1937,AUS,Los Angeles* CA (USA),04 JUN 1965
13:33.6h,,Ron CLARKE,21 FEB 1937,AUS,Auckland (NZL),01 FEB 1965
13:34.8h,,Ron CLARKE,21 FEB 1937,AUS,Hobart (AUS),16 JAN 1965
13:35.0h,,Vladimir KUTS,07 FEB 1927,URS,Roma (ITA),13 OCT 1957
13:36.8h,,Gordon PIRIE,10 FEB 1931,GBR,Bergen (NOR),19 JUN 1956
13:40.6h,,S?ndor IHAROS,20 MAR 1930,HUN,Budapest (HUN),23 OCT 1955
13:46.8h,,Vladimir KUTS,07 FEB 1927,URS,Beograd (SRB),18 SEP 1955
13:50.8h,,S?ndor IHAROS,20 MAR 1930,HUN,Budapest (HUN),10 SEP 1955
13:51.2h,,Vladimir KUTS,07 FEB 1927,URS,Praha (TCH),23 OCT 1954
13:51.6h,,Chris CHATAWAY,31 JAN 1931,GBR,London (GBR),13 OCT 1954
13:56.6h,,Vladimir KUTS,07 FEB 1927,URS,Bern (SUI),29 AUG 1954
13:57.2h,,Emil Z?TOPEK,19 SEP 1922,TCH,Colombes (FRA),30 MAY 1954
13:58.2h,,Gunder H?GG,31 DEC 1918,SWE,G?teborg (SWE),20 SEP 1942
14:08.8h,,Taisto M?KI,02 DEC 1910,FIN,Helsinki (FIN),16 JUN 1939
14:17.0h,,Lauri LEHTINEN,10 AUG 1908,FIN,Helsinki (FIN),19 JUN 1932
14:28.2h,,Paavo NURMI,13 JUN 1897,FIN,Helsinki (FIN),19 JUN 1924
14:35.4h,,Paavo NURMI,13 JUN 1897,FIN,Stockholm (SWE),12 SEP 1922
14:36.6h,,Hannes KOLEHMAINEN,09 DEC 1889,FIN,Olympiastadion* Stockholm (SWE),10 JUL 1912
12:49,,Berihu AREGAWI,28 FEB 2001,ETH,Barcelona (ESP),31 DEC 2021
12:51,,Joshua CHEPTEGEI,12 SEP 1996,UGA,Monaco (MON),16 FEB 2020
13:18,,Rhonex KIPRUTO,12 OCT 1999,KEN,Valencia (ESP),12 JAN 2020
13:22,,Robert KETER,26 DEC 1989,KEN,Lille (FRA),09 NOV 2019
13:29,,Edward CHESEREK,02 FEB 1994,KEN,Carlsbad* CA (USA),06 APR 2019
13:29,,Julien WANDERS,18 MAR 1996,SUI,Monaco (MON),17 FEB 2019
13:30,,Benard Kibet LAGAT,15 DEC 1994,KEN,Praha (CZE),08 SEP 2018
26:11.00,,Joshua CHEPTEGEI,12 SEP 1996,UGA,Estadio de Atletismo del Turia* Valencia (ESP),07 OCT 2020
26:17.53,,Kenenisa BEKELE,13 JUN 1982,ETH,Boudewijnstadion* Bruxelles (BEL),26 AUG 2005
26:20.31,,Kenenisa BEKELE,13 JUN 1982,ETH,Ostrava (CZE),08 JUN 2004
26:22.75,,Haile GEBRSELASSIE,18 APR 1973,ETH,Blankers-Koen Stadion* Hengelo (NED),01 JUN 1998
26:27.85,,Paul TERGAT,17 JUN 1969,KEN,Bruxelles (BEL),22 AUG 1997
26:31.32,,Haile GEBRSELASSIE,18 APR 1973,ETH,Oslo (NOR),04 JUL 1997
26:38.08,,Salah HISSOU,16 JAN 1972,MAR,Bruxelles (BEL),23 AUG 1996
26:43.53,,Haile GEBRSELASSIE,18 APR 1973,ETH,Blankers-Koen Stadion* Hengelo (NED),05 JUN 1995
26:52.23,,William SIGEI,11 OCT 1969,KEN,Bislett Stadion* Oslo (NOR),22 JUL 1994
26:58.38,,Yobes ONDIEKI,21 FEB 1961,KEN,Oslo (NOR),10 JUL 1993
27:07.91,,Richard CHELIMO,21 APR 1972,KEN,Stockholm (SWE),05 JUL 1993
27:08.23,,Arturo BARRIOS,12 DEC 1963,MEX,Olympiastadion* Berlin (GER),18 AUG 1989
27:13.81,,Fernando MAMEDE,01 NOV 1951,POR,Stockholm (SWE),02 JUL 1984
27:22.47,,Henry RONO,12 FEB 1952,KEN,Wien (AUT),11 JUN 1978
27:30.47,,Samson KIMOBWA,15 SEP 1955,KEN,Helsinki (FIN),30 JUN 1977
27:30.80,,David BEDFORD,30 DEC 1949,GBR,London (GBR),13 JUL 1973
27:38.35,,Lasse VIREN,22 JUL 1949,FIN,Olympiastadion* M?nchen (GER),03 SEP 1972
27:39.89,,Ron CLARKE,21 FEB 1937,AUS,Oslo (NOR),14 JUL 1965
28:15.6h,,Ron CLARKE,21 FEB 1937,AUS,Melbourne (AUS),18 DEC 1963
28:18.2h,,Pyotr BOLOTNIKOV,08 MAR 1930,URS,Moskva (URS),11 AUG 1962
28:18.8h,,Pyotr BOLOTNIKOV,08 MAR 1930,URS,Kiev (URS),15 OCT 1960
28:30.4h,,Vladimir KUTS,07 FEB 1927,URS,Moskva (URS),11 SEP 1956
28:42.8h,,S?ndor IHAROS,20 MAR 1930,HUN,Budapest (HUN),15 JUL 1956
28:54.2h,,Emil Z?TOPEK,19 SEP 1922,TCH,Bruxelles (BEL),01 JUN 1954
29:01.6h,,Emil Z?TOPEK,19 SEP 1922,TCH,Star? Boleslav (TCH),01 NOV 1953
29:02.6h,,Emil Z?TOPEK,19 SEP 1922,TCH,Turku (FIN),04 AUG 1950
29:21.2h,,Emil Z?TOPEK,19 SEP 1922,TCH,Ostrava (TCH),22 OCT 1949
29:27.2h,,Viljo HEINO,01 MAR 1914,FIN,Kokkola (FIN),01 SEP 1949
29:28.2h,,Emil Z?TOPEK,19 SEP 1922,TCH,Ostrava (TCH),11 JUN 1949
29:35.4h,,Viljo HEINO,01 MAR 1914,FIN,Helsinki (FIN),25 AUG 1944
29:52.6h,,Taisto M?KI,02 DEC 1910,FIN,Helsinki (FIN),17 SEP 1939
30:02.0h,,Taisto M?KI,02 DEC 1910,FIN,Tampere (FIN),29 SEP 1938
30:05.6h,,Ilmari SALMINEN,21 SEP 1902,FIN,Kouvola (FIN),18 JUL 1937
30:06.2h,,Paavo NURMI,13 JUN 1897,FIN,Kuopio (FIN),31 AUG 1924
30:23.2h,,Ville RITOLA,18 JAN 1896,FIN,Stade de Colombes* Colombes (FRA),06 JUL 1924
30:35.4h,,Ville RITOLA,18 JAN 1896,FIN,Helsinki (FIN),25 MAY 1924
30:40.2h,,Paavo NURMI,13 JUN 1897,FIN,Stockholm (SWE),22 JUN 1921
30:58.8h,,Jean BOUIN,20 DEC 1888,FRA,Colombes (FRA),16 NOV 1911
26:24,,Rhonex KIPRUTO,12 OCT 1999,KEN,Valencia (ESP),12 JAN 2020
26:38,,Joshua CHEPTEGEI,12 SEP 1996,UGA,Valencia (ESP),01 DEC 2019
26:44,,Leonard Patrick KOMON,10 JAN 1988,KEN,Utrecht (NED),26 SEP 2010
27:01,,Micah Kemboi KOGO,30 JUN 1986,KEN,Brunssum (NED),29 MAR 2009
27:02,,Haile GEBRSELASSIE,18 APR 1973,ETH,Doha (QAT),13 DEC 2002
21330,,Mo FARAH,23 MAR 1983,GBR,Boudewijnstadion* Bruxelles (BEL),04 SEP 2020
21285,,Haile GEBRSELASSIE,18 APR 1973,ETH,Ostrava (CZE),27 JUN 2007
21101,,Arturo BARRIOS,12 DEC 1963,MEX,La Fl?che (FRA),30 MAR 1991
20944,,Jos HERMENS,08 JAN 1950,NED,Papendal (NED),01 MAY 1976
20907,,Jos HERMENS,08 JAN 1950,NED,Papendal (NED),28 SEP 1975
20784,,Gaston ROELANTS,05 FEB 1937,BEL,Bruxelles (BEL),20 SEP 1972
20644,,Gaston ROELANTS,05 FEB 1937,BEL,Leuven (BEL),28 OCT 1966
20232,,Ron CLARKE,21 FEB 1937,AUS,Geelong (AUS),27 OCT 1965
20190,,Bill BAILLIE,28 MAY 1934,NZL,Auckland (NZL),24 AUG 1963
20052,,Emil Z?TOPEK,19 SEP 1922,TCH,Star? Boleslav (TCH),29 SEP 1951
19558,,Emil Z?TOPEK,19 SEP 1922,TCH,Praha (TCH),15 SEP 1951
19339,,Viljo HEINO,01 MAR 1914,FIN,Turku (FIN),30 SEP 1945
19210,,Paavo NURMI,13 JUN 1897,FIN,Berlin (GER),07 OCT 1928
19021,,Jean BOUIN,20 DEC 1888,FRA,Stockholm (SWE),06 JUL 1913
18742,,Alfred SHRUBB,12 DEC 1879,GBR,Glasgow (USA),05 NOV 1904
57:31,,Jacob KIPLIMO,14 NOV 2000,UGA,Lisboa (POR),21 NOV 2021
57:32,,Kibiwott KANDIE,20 JUN 1996,KEN,Valencia (ESP),06 DEC 2020
58:01,,Geoffrey KAMWOROR,22 NOV 1992,KEN,K©ªbenhavn (DEN),15 SEP 2019
58:23,,Zersenay TADESE,01 JAN 1982,ERI,Lisboa (POR),21 MAR 2010
58:33,,Samuel Kamau WANJIRU,10 NOV 1986,KEN,The Hague (NED),17 MAR 2007
58:55,,Haile GEBRSELASSIE,18 APR 1973,ETH,Tempe* AZ (USA),15 JAN 2006
59:16,,Samuel Kamau WANJIRU,10 NOV 1986,KEN,Rotterdam (NED),11 SEP 2005
59:17,,Paul TERGAT,17 JUN 1969,KEN,Milano (ITA),04 APR 1998
2:01:39,,Eliud KIPCHOGE,05 NOV 1984,KEN,Berlin (GER),16 SEP 2018
2:02:57,,Dennis KIMETTO,22 APR 1984,KEN,Berlin (GER),28 SEP 2014
2:03:23,,Wilson Kipsang KIPROTICH,15 MAR 1982,KEN,Berlin (GER),29 SEP 2013
2:03:38,,Patrick Makau MUSYOKI,02 MAR 1985,KEN,Berlin (GER),25 SEP 2011
2:03:59,,Haile GEBRSELASSIE,18 APR 1973,ETH,Berlin (GER),28 SEP 2008
2:04:26,,Haile GEBRSELASSIE,18 APR 1973,ETH,Berlin (GER),30 SEP 2007
2:04:55,,Paul TERGAT,17 JUN 1969,KEN,Berlin (GER),28 SEP 2003
2:40:13 *,,Stephen MOKOKA,31 JAN 1985,RSA,Gqeberha (RSA),06 MAR 2022
2:42:07,,Ketema Bekele NEGASA,07 OCT 1986,ETH,Port Elizabeth (RSA),23 MAY 2021
2:40:13 *,,Stephen MOKOKA,31 JAN 1985,RSA,Gqeberha (RSA),06 MAR 2022
2:42:07,,Ketema Bekele NEGASA,07 OCT 1986,ETH,Port Elizabeth (RSA),23 MAY 2021
6:09:14,,Nao KAZAMI,09 APR 1983,JPN,Lake Saroma (JPN),24 JUN 2018
6:13:33,,Takahiro SUNADA,19 JAN 1973,JPN,Lake Saroma (JPN),21 JUN 1998
7:53.63,,Saif Saaeed SHAHEEN,15 OCT 1982,QAT,Boudewijnstadion* Bruxelles (BEL),03 SEP 2004
7:55.28,,Brahim BOULAMI,20 APR 1972,MAR,Bruxelles (BEL),24 AUG 2001
7:55.72,,Bernard BARMASAI,06 MAY 1974,KEN,K?ln (GER),24 AUG 1997
7:59.08,,Wilson Boit KIPKETER,06 OCT 1973,KEN,Z?rich (SUI),13 AUG 1997
7:59.18,,Moses KIPTANUI,01 OCT 1970,KEN,Z?rich (SUI),16 AUG 1995
8:02.08,,Moses KIPTANUI,01 OCT 1970,KEN,Z?rich (SUI),19 AUG 1992
8:05.35,,Peter KOECH,18 FEB 1958,KEN,Stockholm (SWE),03 JUL 1989
8:05.4h,,Henry RONO,12 FEB 1952,KEN,Seattle* WA (USA),13 MAY 1978
8:08.0h,,Anders G?RDERUD,28 AUG 1946,SWE,Olympic Stadium* Montr?al (CAN),28 JUL 1976
8:09.8h,,Anders G?RDERUD,28 AUG 1946,SWE,Stockholm (SWE),01 JUL 1975
8:10.4h,,Anders G?RDERUD,28 AUG 1946,SWE,Oslo (NOR),25 JUN 1975
8:14.0h,,Benjamin JIPCHO,01 MAR 1943,KEN,Helsinki (FIN),27 JUN 1973
8:19.8h,,Benjamin JIPCHO,01 MAR 1943,KEN,Helsinki (FIN),19 JUN 1973
8:20.8h,,Anders G?RDERUD,28 AUG 1946,SWE,Helsinki (FIN),14 SEP 1972
8:22.0h,,Kerry O'BRIEN,17 APR 1946,AUS,Berlin (GER),04 JUL 1970
8:22.2h,,Vladimir DUDIN,13 DEC 1941,URS,Kiev (URS),19 AUG 1969
8:24.2h,,Jouko KUHA,30 SEP 1939,FIN,Stockholm (SWE),17 JUL 1968
8:26.4h,,Gaston ROELANTS,05 FEB 1937,BEL,Bruxelles (BEL),07 AUG 1965
8:29.6h,,Gaston ROELANTS,05 FEB 1937,BEL,Leuven (BEL),07 SEP 1963
8:30.4h,,Zdzis©©aw KRZYSZKOWIAK,03 AUG 1929,POL,Walcz (POL),10 AUG 1961
8:31.2h,,Grigoriy TARAN,16 JUN 1937,URS,Kiev (URS),28 MAY 1961
8:31.4h,,Zdzis©©aw KRZYSZKOWIAK,03 AUG 1929,POL,Tula (URS),26 JUN 1960
8:32.0h,,Jerzy CHROMIK,15 JUN 1931,POL,Warszawa (POL),02 AUG 1958
8:35.6h,,Semyon RZHISHCHIN,15 FEB 1933,URS,Tallinn (EST),21 JUL 1958
8:35.6h,,S?ndor ROZSNY?I,24 FEB 1930,HUN,Budapest (HUN),16 SEP 1956
8:39.8h,,Semyon RZHISHCHIN,15 FEB 1933,URS,Moskva (URS),14 AUG 1956
8:40.2h,,Jerzy CHROMIK,15 JUN 1931,POL,Budapest (HUN),10 SEP 1955
8:41.2h,,Jerzy CHROMIK,15 JUN 1931,POL,Brno (TCH),31 AUG 1955
8:45.4h,,Vasiliy VLASENKO,10 JAN 1928,URS,Moskva (URS),18 AUG 1955
8:45.4h,,Pentti KARVONEN,15 AUG 1931,FIN,Oslo (NOR),15 JUL 1955
8:47.8h,,Pentti KARVONEN,15 AUG 1931,FIN,Helsinki (FIN),01 JUL 1955
8:49.6h,,S?ndor ROZSNY?I,24 FEB 1930,HUN,Bern (SUI),28 AUG 1954
12.80,+0.3,Aries MERRITT,24 JUL 1985,USA,Boudewijnstadion* Bruxelles (BEL),07 SEP 2012
12.87,+0.9,Dayron ROBLES,19 NOV 1986,CUB,Ostrava (CZE),12 JUN 2008
12.88,+1.1,Xiang LIU,13 JUL 1983,CHN,Stade Olympique de la Pontaise* Lausanne (SUI),11 JUL 2006
12.91,+0.3,Xiang LIU,13 JUL 1983,CHN,Olympic Stadium* Athina (GRE),27 AUG 2004
12.91,+0.5,Colin JACKSON,18 FEB 1967,GBR,Gottlieb-Daimler Stadion* Stuttgart (GER),20 AUG 1993
12.92,-0.1,Roger KINGDOM,26 AUG 1962,USA,Letzigrund* Z?rich (SUI),16 AUG 1989
12.93,-0.2,Renaldo NEHEMIAH,24 MAR 1959,USA,Z?rich (SUI),19 AUG 1981
13.00,+0.9,Renaldo NEHEMIAH,24 MAR 1959,USA,Westwood* CA (USA),06 MAY 1979
13.16,+1.7,Renaldo NEHEMIAH,24 MAR 1959,USA,San Jos? (USA),14 APR 1979
13.21,+0.6,Alejandro CASANAS,29 JAN 1954,CUB,Sofia (BUL),21 AUG 1977
13.0h,+1.8,Guy DRUT,06 DEC 1950,FRA,Berlin (GER),22 AUG 1975
13.1h,+1.2,Guy DRUT,06 DEC 1950,FRA,St-Maur (FRA),23 JUL 1975
13.1h,+1.5,Rodney MILBURN,18 MAR 1950,USA,Siena* NY (USA),22 JUL 1973
13.1h,+1.1,Rodney MILBURN,18 MAR 1950,USA,Z?rich (SUI),06 JUL 1973
13.2h,+0.3,Rodney MILBURN,18 MAR 1950,USA,Olympiastadion* M?nchen (GER),07 SEP 1972
13.2h,-0.9,Willie DAVENPORT,08 JUN 1943,USA,Z?rich (SUI),04 JUL 1969
13.2h,+1.8,Earl MCCULLOUCH,12 JAN 1946,USA,Minneapolis* MN (USA),16 JUL 1967
13.2h,0.0,Lee CALHOUN,23 FEB 1933,USA,Bern (SUI),21 AUG 1960
13.2h,+1.9,Martin LAUER,02 JAN 1937,FRG,Z?rich (SUI),07 JUL 1959
13.4h,0.0,Jack DAVIS,11 SEP 1931,USA,Bakersfield* CA (USA),22 JUN 1956
13.5h,,Dick ATTLESEY,10 MAY 1929,USA,Helsinki (FIN),10 JUL 1950
13.6h,+0.9,Dick ATTLESEY,10 MAY 1929,USA,College Park* MD (USA),24 JUN 1950
13.7h,0.0,Fred WOLCOTT,18 NOV 1917,USA,Philadelphia* PA (USA),29 JUN 1941
13.7h,0.0,Forrest TOWNS,06 FEB 1914,USA,Oslo (NOR),27 AUG 1936
14.1h,+1.3,Forrest TOWNS,06 FEB 1914,USA,Olympiastadion* Berlin (GER),06 AUG 1936
14.1h,+2.4,Forrest TOWNS,06 FEB 1914,USA,Chicago* IL (USA),19 JUN 1936
14.2h,,Alvin MOREAU,06 JUN 1910,USA,Oslo (NOR),02 AUG 1935
14.2h,,Percy BEARD,26 JAN 1908,USA,Oslo (NOR),05 AUG 1934
14.3h,,Percy BEARD,26 JAN 1908,USA,Stockholm (SWE),24 JUL 1934
14.4h,,John MORRISS,23 JUL 1908,USA,Torino (ITA),08 SEP 1933
14.4h,,John MORRISS,23 JUL 1908,USA,Budapest (HUN),12 AUG 1933
14.4h,,George SALING,24 JUL 1909,USA,Memorial Coliseum* Los Angeles* CA (USA),02 AUG 1932
14.4h,-0.2,Jack KELLER,23 OCT 1911,USA,Palo Alto* CA (USA),16 JUL 1932
14.4h,,Percy BEARD,26 JAN 1908,USA,Cambridge* MA (USA),18 JUN 1932
14.4h,,Bengt SJ?STEDT,02 NOV 1906,FIN,Helsinki (FIN),05 SEP 1931
14.4h,,Eric WENNSTR?M,10 MAR 1909,SWE,Stockholm (SWE),25 AUG 1929
14.6h,,George WEIGHTMAN-SMITH,31 OCT 1905,RSA,Olympisch Stadion* Amsterdam (NED),31 JUL 1928
14.8h,,Sten PETTERSSON,11 SEP 1902,SWE,Stockholm (SWE),18 SEP 1927
14.8h,,Earl THOMSON,15 FEB 1895,CAN,Champs de Beerschot Stadium* Antwerpen (BEL),18 AUG 1920
15.0h,,Forrest SMITHSON,26 SEP 1884,USA,White City Stadium* London (GBR),25 JUL 1908
45.94,,Karsten WARHOLM,28 FEB 1996,NOR,Olympic Stadium* Tokyo (JPN),03 AUG 2021
46.70,,Karsten WARHOLM,28 FEB 1996,NOR,Bislett Stadion* Oslo (NOR),01 JUL 2021
46.78,,Kevin YOUNG,16 SEP 1966,USA,Estadio Ol?mpico* Barcelona (ESP),06 AUG 1992
47.02,,Edwin MOSES,31 AUG 1955,USA,Koblenz (GER),31 AUG 1983
47.13,,Edwin MOSES,31 AUG 1955,USA,Milano (ITA),03 JUL 1980
47.45,,Edwin MOSES,31 AUG 1955,USA,Westwood* CA (USA),11 JUN 1977
47.64,,Edwin MOSES,31 AUG 1955,USA,Olympic Stadium* Montr?al (CAN),25 JUL 1976
47.82,,John AKII-BUA,03 DEC 1949,UGA,Olympiastadion* M?nchen (GER),02 SEP 1972
48.12,,David HEMERY,18 JUL 1944,GBR,Estadio Ol?mpico* Ciudad de M?xico (MEX),15 OCT 1968
48.94,,Geoff VANDERSTOCK,08 OCT 1946,USA,Echo Summit (USA),11 SEP 1968
49.1h,,Rex CAWLEY,06 JUL 1940,USA,Los Angeles* CA (USA),13 SEP 1964
49.2h,,Salvatore MORALE,04 NOV 1938,ITA,Beograd (SRB),14 SEP 1962
49.2h,,Glenn DAVIS,12 SEP 1934,USA,Budapest (HUN),06 AUG 1958
49.5h,,Glenn DAVIS,12 SEP 1934,USA,Los Angeles* CA (USA),29 JUN 1956
50.4h,,Yuriy LITUYEV,11 APR 1925,URS,Budapest (HUN),20 SEP 1953
50.6h,,Glenn HARDIN,01 JUL 1910,USA,Stockholm (SWE),26 JUL 1934
51.8h,,Glenn HARDIN,01 JUL 1910,USA,Milwaukee* WI (USA),30 JUN 1934
52.0h,,Glenn HARDIN,01 JUL 1910,USA,Memorial Coliseum* Los Angeles* CA (USA),01 AUG 1932
52.0h,,F. Morgan TAYLOR,17 APR 1903,USA,Philadelphia* PA (USA),04 JUL 1928
52.6h y,,John GIBSON,03 JUL 1905,USA,Lincoln* NE (USA),02 JUL 1927
53.8h,,Sten PETTERSSON,11 SEP 1902,SWE,Colombes (FRA),04 OCT 1925
54.0h,,Frank LOOMIS,22 AUG 1896,USA,Champs de Beerschot Stadium* Antwerpen (BEL),16 AUG 1920
55.0h,,Charles BACON,09 JAN 1885,USA,White City Stadium* London (GBR),22 JUL 1908
2.45,,Javier SOTOMAYOR,13 OCT 1967,CUB,Salamanca (ESP),27 JUL 1993
2.44,,Javier SOTOMAYOR,13 OCT 1967,CUB,San Juan (PUR),29 JUL 1989
2.43,,Javier SOTOMAYOR,13 OCT 1967,CUB,Salamanca (ESP),08 SEP 1988
2.42 (i),,Carlo THR?NHARDT,05 JUL 1957,FRG,Berlin (GER),26 FEB 1988
2.42,,Patrik SJ?BERG,05 JAN 1965,SWE,Stockholm (SWE),30 JUN 1987
2.41,,Igor PAKLIN,15 JUN 1963,URS,Kobe (JPN),04 SEP 1985
2.40,,Rudolf POVARNITSYN,13 JUN 1962,URS,Donetsk (URS),11 AUG 1985
2.39,,Jianhua ZHU,29 MAY 1963,CHN,Eberstadt (GER),10 JUN 1984
2.38,,Jianhua ZHU,29 MAY 1963,CHN,Shanghai (CHN),22 SEP 1983
2.37,,Jianhua ZHU,29 MAY 1963,CHN,Beijing (CHN),11 JUN 1983
2.36,,Gerd WESSIG,16 JUL 1959,GDR,Lenin Stadium* Moskva (URS),01 AUG 1980
2.35,,Dietmar M?GENBURG,15 AUG 1961,FRG,Rehlingen (GER),26 MAY 1980
2.35,,Jacek WSZOLA,30 DEC 1956,POL,Eberstadt (GER),25 MAY 1980
2.34,,Vladimir YASHCHENKO,12 JAN 1959,URS,Tbilisi (GEO),16 JUN 1978
2.33,,Vladimir YASHCHENKO,12 JAN 1959,URS,Richmond* VA (USA),03 JUL 1977
2.32,,Dwight STONES,06 DEC 1953,USA,Philadelphia* PA (USA),04 AUG 1976
2.31,,Dwight STONES,06 DEC 1953,USA,Philadelphia* PA (USA),05 JUN 1976
2.30,,Dwight STONES,06 DEC 1953,USA,M?nchen (GER),11 JUL 1973
2.29,,Pat MATZDORF,26 DEC 1949,USA,Berkeley* CA (USA),03 JUL 1971
2.28,,Valeriy BRUMEL,14 APR 1942,URS,Moskva (URS),21 JUL 1963
2.27,,Valeriy BRUMEL,14 APR 1942,URS,Moskva (URS),29 SEP 1962
2.26,,Valeriy BRUMEL,14 APR 1942,URS,Palo Alto* CA (USA),22 JUL 1962
2.25,,Valeriy BRUMEL,14 APR 1942,URS,Sofia (BUL),31 AUG 1961
2.24,,Valeriy BRUMEL,14 APR 1942,URS,Moskva (URS),15 JUL 1961
2.23,,Valeriy BRUMEL,14 APR 1942,URS,Moskva (URS),18 JUN 1961
2.22,,John THOMAS,03 MAR 1941,USA,Palo Alto* CA (USA),01 JUL 1960
2.18,,John THOMAS,03 MAR 1941,USA,Bakersfield* CA (USA),24 JUN 1960
2.17,,John THOMAS,03 MAR 1941,USA,Cambridge* MA (USA),21 MAY 1960
2.17,,John THOMAS,03 MAR 1941,USA,Philadelphia* PA (USA),30 APR 1960
2.16,,Yuriy STEPANOV,30 AUG 1932,URS,Leningrad (URS),13 JUL 1957
2.15,,Charlie DUMAS,12 FEB 1937,USA,Los Angeles* CA (USA),29 JUN 1956
2.12,,Walt DAVIS,05 JAN 1931,USA,Dayton (USA),27 JUN 1953
2.11,,Lester STEERS,16 JUN 1917,USA,Los Angeles* CA (USA),17 JUN 1941
2.09,,Mel WALKER,27 APR 1914,USA,Malm? (SWE),12 AUG 1937
2.07,,Dave ALBRITTON,13 APR 1913,USA,New York* NY (USA),12 JUL 1936
2.07,,Cornelius JOHNSON,21 AUG 1913,USA,New York* NY (USA),12 JUL 1936
2.06,,Walter MARTY,15 AUG 1910,USA,Palo Alto* CA (USA),28 APR 1934
2.04,,Walter MARTY,15 AUG 1910,USA,Fresno* CA (USA),13 MAY 1933
2.03,,Harold OSBORN,13 APR 1899,USA,Urbana* IL (USA),27 MAY 1924
2.01,,Ed BEESON,02 JUN 1890,USA,Berkeley* CA (USA),02 MAY 1914
2.00,,George HORINE,03 FEB 1890,USA,Palo Alto* CA (USA),18 MAY 1912
6.20 *(i),,Armand DUPLANTIS,10 NOV 1999,SWE,?tark Arena* Beograd (SRB),20 MAR 2022
6.19 *(i),,Armand DUPLANTIS,10 NOV 1999,SWE,?tark Arena* Beograd (SRB),07 MAR 2022
6.18 (i),,Armand DUPLANTIS,10 NOV 1999,SWE,Emirates Arena* Glasgow (GBR),15 FEB 2020
6.17 (i),,Armand DUPLANTIS,10 NOV 1999,SWE,Arena* Toru? (POL),08 FEB 2020
6.16 (i),,Renaud LAVILLENIE,18 SEP 1986,FRA,Donetsk (UKR),15 FEB 2014
6.14,,Sergey BUBKA,04 DEC 1963,UKR,Sestriere (ITA),31 JUL 1994
6.13,,Sergey BUBKA,04 DEC 1963,UKR,Tokyo (JPN),19 SEP 1992
6.12,,Sergey BUBKA,04 DEC 1963,UKR,Padova (ITA),30 AUG 1992
6.11,,Sergey BUBKA,04 DEC 1963,UKR,Dijon (FRA),13 JUN 1992
6.10,,Sergey BUBKA,04 DEC 1963,URS,Malm? (SWE),05 AUG 1991
6.09,,Sergey BUBKA,04 DEC 1963,URS,Formia (ITA),08 JUL 1991
6.08,,Sergey BUBKA,04 DEC 1963,URS,Moskva (URS),09 JUN 1991
6.07,,Sergey BUBKA,04 DEC 1963,URS,Shizuoka (JPN),06 MAY 1991
6.06,,Sergey BUBKA,04 DEC 1963,URS,Nice (FRA),10 JUL 1988
6.05,,Sergey BUBKA,04 DEC 1963,URS,Bratislava (TCH),09 JUN 1988
6.03,,Sergey BUBKA,04 DEC 1963,URS,Praha (TCH),23 JUN 1987
6.01,,Sergey BUBKA,04 DEC 1963,URS,Moskva (URS),08 JUL 1986
6.00,,Sergey BUBKA,04 DEC 1963,URS,Paris (FRA),13 JUL 1985
5.94,,Sergey BUBKA,04 DEC 1963,URS,Roma (ITA),31 AUG 1984
5.91,,Thierry VIGNERON,09 MAR 1960,FRA,Roma (ITA),31 AUG 1984
5.90,,Sergey BUBKA,04 DEC 1963,URS,London (GBR),13 JUL 1984
5.88,,Sergey BUBKA,04 DEC 1963,URS,Paris-St-Denis (FRA),02 JUN 1984
5.85,,Sergey BUBKA,04 DEC 1963,URS,Bratislava (TCH),26 MAY 1984
5.83,,Thierry VIGNERON,09 MAR 1960,FRA,Roma (ITA),01 SEP 1983
5.82,,Pierre QUINON,20 FEB 1962,FRA,K?ln (GER),28 AUG 1983
5.81,,Vladimir POLYAKOV,17 APR 1960,URS,Tbilisi (GEO),26 JUN 1981
5.80,,Thierry VIGNERON,09 MAR 1960,FRA,M?con (FRA),20 JUN 1981
5.78,,W©©adys©©aw KOZAKIEWICZ,08 DEC 1953,POL,Lenin Stadium* Moskva (URS),30 JUL 1980
5.77,,Philippe HOUVION,05 OCT 1957,FRA,Paris (FRA),17 JUL 1980
5.75,,Thierry VIGNERON,09 MAR 1960,FRA,Villeneuve d'Ascq (FRA),29 JUN 1980
5.75,,Thierry VIGNERON,09 MAR 1960,FRA,Colombes (FRA),01 JUN 1980
5.72,,W©©adys©©aw KOZAKIEWICZ,08 DEC 1953,POL,Milano (ITA),11 MAY 1980
5.70,,David ROBERTS,23 JUL 1951,USA,Eugene* OR (USA),22 JUN 1976
5.67,,Earl BELL,25 AUG 1955,USA,Wichita* KS (USA),29 MAY 1976
5.65,,David ROBERTS,23 JUL 1951,USA,Gainesville* FL (USA),28 MAR 1975
5.63,,Bob SEAGREN,17 OCT 1946,USA,Eugene* OR (USA),02 JUL 1972
5.55,,Kjell ISAKSSON,28 FEB 1948,SWE,Helsingborg (SWE),12 JUN 1972
5.54,,Kjell ISAKSSON,28 FEB 1948,SWE,Los Angeles* CA (USA),15 APR 1972
5.51,,Kjell ISAKSSON,28 FEB 1948,SWE,Austin* TX (USA),08 APR 1972
5.49,,Christos PAPANIKOLAOU,25 NOV 1941,GRE,Pireaus* Athina (GRE),24 OCT 1970
5.46,,Wolfgang NORDWIG,28 AUG 1943,GDR,Torino (ITA),03 SEP 1970
5.45,,Wolfgang NORDWIG,28 AUG 1943,GDR,Berlin (GER),17 JUN 1970
5.44,,John PENNEL,25 JUL 1940,USA,Sacramento* CA (USA),21 JUN 1969
5.41,,Bob SEAGREN,17 OCT 1946,USA,Echo Summit (USA),12 SEP 1968
5.38,,Paul WILSON,30 JUL 1947,RSA,Bakersfield* CA (USA),23 JUN 1967
5.36,,Bob SEAGREN,17 OCT 1946,USA,San Diego* CA (USA),10 JUN 1967
5.34,,John PENNEL,25 JUL 1940,USA,Los Angeles* CA (USA),23 JUL 1966
5.32,,Bob SEAGREN,17 OCT 1946,USA,Fresno* CA (USA),14 MAY 1966
5.28,,Fred HANSEN,29 JAN 1940,USA,Los Angeles* CA (USA),25 JUL 1964
5.23,,Fred HANSEN,29 JAN 1940,USA,San Diego* CA (USA),13 JUN 1964
5.20,,John PENNEL,25 JUL 1940,USA,Coral Gables* FL (USA),24 AUG 1963
5.13,,John PENNEL,25 JUL 1940,USA,London (GBR),05 AUG 1963
5.08,,Brian STERNBERG,21 JUN 1943,USA,Compton (GBR),07 JUN 1963
5.00,,Brian STERNBERG,21 JUN 1943,USA,Philadelphia* PA (USA),27 APR 1963
4.94,,Pentti NIKULA,03 FEB 1939,FIN,Kauhava (FIN),22 JUN 1962
4.93,,Dave TORK,25 AUG 1934,USA,Walnut* CA (USA),28 APR 1962
4.89,,John UELSES,14 JUL 1937,USA,Santa Barbara* CA (USA),31 MAR 1962
4.83,,George DAVIES,19 NOV 1940,USA,Boulder* CO (USA),20 MAY 1961
4.80,,Don BRAGG,15 MAY 1935,USA,Palo Alto* CA (USA),02 JUL 1960
4.78,,Bob GUTOWSKI,25 APR 1935,USA,Palo Alto* CA (USA),27 APR 1957
4.77,,Cornelius WARMERDAM,22 JUN 1915,USA,Modesto* CA (USA),23 MAY 1942
4.72,,Cornelius WARMERDAM,22 JUN 1915,USA,Compton (GBR),06 JUN 1941
4.60,,Cornelius WARMERDAM,22 JUN 1915,USA,Fresno* CA (USA),29 JUN 1940
4.54,,Earle MEADOWS,29 JUN 1913,USA,Los Angeles* CA (USA),29 MAY 1937
4.54,,Bill SEFTON,21 JAN 1915,USA,Los Angeles* CA (USA),29 MAY 1937
4.43,,George VAROFF,25 MAR 1914,USA,Princeton* NJ (USA),04 JUL 1936
4.39,,Keith BROWN,15 JUN 1913,USA,Cambridge* MA (USA),01 JUN 1935
4.37,,Bill GRABER,21 JAN 1911,USA,Palo Alto* CA (USA),16 JUL 1932
4.30,,Lee BARNES,16 JUL 1906,USA,Fresno* CA (USA),28 APR 1928
4.27,,Sabin CARR,04 SEP 1904,USA,Philadelphia* PA (USA),28 MAY 1927
4.25,,Charles HOFF,09 MAY 1902,NOR,Turku (FIN),27 SEP 1925
4.23,,Charles HOFF,09 MAY 1902,NOR,Oslo (NOR),13 AUG 1925
4.21,,Charles HOFF,09 MAY 1902,NOR,K©ªbenhavn (DEN),22 JUL 1923
4.12,,Charles HOFF,09 MAY 1902,NOR,K©ªbenhavn (DEN),03 SEP 1922
4.09,,Frank FOSS,09 MAY 1895,USA,Champs de Beerschot Stadium* Antwerpen (BEL),20 AUG 1920
4.02,,Marc WRIGHT,21 APR 1890,USA,Cambridge* MA (USA),06 AUG 1912
6.20 *(i),,Armand DUPLANTIS,10 NOV 1999,SWE,?tark Arena* Beograd (SRB),20 MAR 2022
6.19 *(i),,Armand DUPLANTIS,10 NOV 1999,SWE,?tark Arena* Beograd (SRB),07 MAR 2022
6.18 (i),,Armand DUPLANTIS,10 NOV 1999,SWE,Emirates Arena* Glasgow (GBR),15 FEB 2020
6.17 (i),,Armand DUPLANTIS,10 NOV 1999,SWE,Arena* Toru? (POL),08 FEB 2020
6.16 (i),,Renaud LAVILLENIE,18 SEP 1986,FRA,Donetsk (UKR),15 FEB 2014
6.14,,Sergey BUBKA,04 DEC 1963,UKR,Sestriere (ITA),31 JUL 1994
6.13,,Sergey BUBKA,04 DEC 1963,UKR,Tokyo (JPN),19 SEP 1992
6.12,,Sergey BUBKA,04 DEC 1963,UKR,Padova (ITA),30 AUG 1992
6.11,,Sergey BUBKA,04 DEC 1963,UKR,Dijon (FRA),13 JUN 1992
6.10,,Sergey BUBKA,04 DEC 1963,URS,Malm? (SWE),05 AUG 1991
6.09,,Sergey BUBKA,04 DEC 1963,URS,Formia (ITA),08 JUL 1991
6.08,,Sergey BUBKA,04 DEC 1963,URS,Moskva (URS),09 JUN 1991
6.07,,Sergey BUBKA,04 DEC 1963,URS,Shizuoka (JPN),06 MAY 1991
6.06,,Sergey BUBKA,04 DEC 1963,URS,Nice (FRA),10 JUL 1988
6.05,,Sergey BUBKA,04 DEC 1963,URS,Bratislava (TCH),09 JUN 1988
6.03,,Sergey BUBKA,04 DEC 1963,URS,Praha (TCH),23 JUN 1987
6.01,,Sergey BUBKA,04 DEC 1963,URS,Moskva (URS),08 JUL 1986
6.00,,Sergey BUBKA,04 DEC 1963,URS,Paris (FRA),13 JUL 1985
5.94,,Sergey BUBKA,04 DEC 1963,URS,Roma (ITA),31 AUG 1984
5.91,,Thierry VIGNERON,09 MAR 1960,FRA,Roma (ITA),31 AUG 1984
5.90,,Sergey BUBKA,04 DEC 1963,URS,London (GBR),13 JUL 1984
5.88,,Sergey BUBKA,04 DEC 1963,URS,Paris-St-Denis (FRA),02 JUN 1984
5.85,,Sergey BUBKA,04 DEC 1963,URS,Bratislava (TCH),26 MAY 1984
5.83,,Thierry VIGNERON,09 MAR 1960,FRA,Roma (ITA),01 SEP 1983
5.82,,Pierre QUINON,20 FEB 1962,FRA,K?ln (GER),28 AUG 1983
5.81,,Vladimir POLYAKOV,17 APR 1960,URS,Tbilisi (GEO),26 JUN 1981
5.80,,Thierry VIGNERON,09 MAR 1960,FRA,M?con (FRA),20 JUN 1981
5.78,,W©©adys©©aw KOZAKIEWICZ,08 DEC 1953,POL,Lenin Stadium* Moskva (URS),30 JUL 1980
5.77,,Philippe HOUVION,05 OCT 1957,FRA,Paris (FRA),17 JUL 1980
5.75,,Thierry VIGNERON,09 MAR 1960,FRA,Villeneuve d'Ascq (FRA),29 JUN 1980
5.75,,Thierry VIGNERON,09 MAR 1960,FRA,Colombes (FRA),01 JUN 1980
5.72,,W©©adys©©aw KOZAKIEWICZ,08 DEC 1953,POL,Milano (ITA),11 MAY 1980
5.70,,David ROBERTS,23 JUL 1951,USA,Eugene* OR (USA),22 JUN 1976
5.67,,Earl BELL,25 AUG 1955,USA,Wichita* KS (USA),29 MAY 1976
5.65,,David ROBERTS,23 JUL 1951,USA,Gainesville* FL (USA),28 MAR 1975
5.63,,Bob SEAGREN,17 OCT 1946,USA,Eugene* OR (USA),02 JUL 1972
5.55,,Kjell ISAKSSON,28 FEB 1948,SWE,Helsingborg (SWE),12 JUN 1972
5.54,,Kjell ISAKSSON,28 FEB 1948,SWE,Los Angeles* CA (USA),15 APR 1972
5.51,,Kjell ISAKSSON,28 FEB 1948,SWE,Austin* TX (USA),08 APR 1972
5.49,,Christos PAPANIKOLAOU,25 NOV 1941,GRE,Pireaus* Athina (GRE),24 OCT 1970
5.46,,Wolfgang NORDWIG,28 AUG 1943,GDR,Torino (ITA),03 SEP 1970
5.45,,Wolfgang NORDWIG,28 AUG 1943,GDR,Berlin (GER),17 JUN 1970
5.44,,John PENNEL,25 JUL 1940,USA,Sacramento* CA (USA),21 JUN 1969
5.41,,Bob SEAGREN,17 OCT 1946,USA,Echo Summit (USA),12 SEP 1968
5.38,,Paul WILSON,30 JUL 1947,RSA,Bakersfield* CA (USA),23 JUN 1967
5.36,,Bob SEAGREN,17 OCT 1946,USA,San Diego* CA (USA),10 JUN 1967
5.34,,John PENNEL,25 JUL 1940,USA,Los Angeles* CA (USA),23 JUL 1966
5.32,,Bob SEAGREN,17 OCT 1946,USA,Fresno* CA (USA),14 MAY 1966
5.28,,Fred HANSEN,29 JAN 1940,USA,Los Angeles* CA (USA),25 JUL 1964
5.23,,Fred HANSEN,29 JAN 1940,USA,San Diego* CA (USA),13 JUN 1964
5.20,,John PENNEL,25 JUL 1940,USA,Coral Gables* FL (USA),24 AUG 1963
5.13,,John PENNEL,25 JUL 1940,USA,London (GBR),05 AUG 1963
5.08,,Brian STERNBERG,21 JUN 1943,USA,Compton (GBR),07 JUN 1963
5.00,,Brian STERNBERG,21 JUN 1943,USA,Philadelphia* PA (USA),27 APR 1963
4.94,,Pentti NIKULA,03 FEB 1939,FIN,Kauhava (FIN),22 JUN 1962
4.93,,Dave TORK,25 AUG 1934,USA,Walnut* CA (USA),28 APR 1962
4.89,,John UELSES,14 JUL 1937,USA,Santa Barbara* CA (USA),31 MAR 1962
4.83,,George DAVIES,19 NOV 1940,USA,Boulder* CO (USA),20 MAY 1961
4.80,,Don BRAGG,15 MAY 1935,USA,Palo Alto* CA (USA),02 JUL 1960
4.78,,Bob GUTOWSKI,25 APR 1935,USA,Palo Alto* CA (USA),27 APR 1957
4.77,,Cornelius WARMERDAM,22 JUN 1915,USA,Modesto* CA (USA),23 MAY 1942
4.72,,Cornelius WARMERDAM,22 JUN 1915,USA,Compton (GBR),06 JUN 1941
4.60,,Cornelius WARMERDAM,22 JUN 1915,USA,Fresno* CA (USA),29 JUN 1940
4.54,,Earle MEADOWS,29 JUN 1913,USA,Los Angeles* CA (USA),29 MAY 1937
4.54,,Bill SEFTON,21 JAN 1915,USA,Los Angeles* CA (USA),29 MAY 1937
4.43,,George VAROFF,25 MAR 1914,USA,Princeton* NJ (USA),04 JUL 1936
4.39,,Keith BROWN,15 JUN 1913,USA,Cambridge* MA (USA),01 JUN 1935
4.37,,Bill GRABER,21 JAN 1911,USA,Palo Alto* CA (USA),16 JUL 1932
4.30,,Lee BARNES,16 JUL 1906,USA,Fresno* CA (USA),28 APR 1928
4.27,,Sabin CARR,04 SEP 1904,USA,Philadelphia* PA (USA),28 MAY 1927
4.25,,Charles HOFF,09 MAY 1902,NOR,Turku (FIN),27 SEP 1925
4.23,,Charles HOFF,09 MAY 1902,NOR,Oslo (NOR),13 AUG 1925
4.21,,Charles HOFF,09 MAY 1902,NOR,K©ªbenhavn (DEN),22 JUL 1923
4.12,,Charles HOFF,09 MAY 1902,NOR,K©ªbenhavn (DEN),03 SEP 1922
4.09,,Frank FOSS,09 MAY 1895,USA,Champs de Beerschot Stadium* Antwerpen (BEL),20 AUG 1920
4.02,,Marc WRIGHT,21 APR 1890,USA,Cambridge* MA (USA),06 AUG 1912
6.20 *(i),,Armand DUPLANTIS,10 NOV 1999,SWE,?tark Arena* Beograd (SRB),20 MAR 2022
6.19 *(i),,Armand DUPLANTIS,10 NOV 1999,SWE,?tark Arena* Beograd (SRB),07 MAR 2022
6.18 (i),,Armand DUPLANTIS,10 NOV 1999,SWE,Emirates Arena* Glasgow (GBR),15 FEB 2020
6.17 (i),,Armand DUPLANTIS,10 NOV 1999,SWE,Arena* Toru? (POL),08 FEB 2020
6.16 (i),,Renaud LAVILLENIE,18 SEP 1986,FRA,Donetsk (UKR),15 FEB 2014
6.14,,Sergey BUBKA,04 DEC 1963,UKR,Sestriere (ITA),31 JUL 1994
6.13,,Sergey BUBKA,04 DEC 1963,UKR,Tokyo (JPN),19 SEP 1992
6.12,,Sergey BUBKA,04 DEC 1963,UKR,Padova (ITA),30 AUG 1992
6.11,,Sergey BUBKA,04 DEC 1963,UKR,Dijon (FRA),13 JUN 1992
6.10,,Sergey BUBKA,04 DEC 1963,URS,Malm? (SWE),05 AUG 1991
6.09,,Sergey BUBKA,04 DEC 1963,URS,Formia (ITA),08 JUL 1991
6.08,,Sergey BUBKA,04 DEC 1963,URS,Moskva (URS),09 JUN 1991
6.07,,Sergey BUBKA,04 DEC 1963,URS,Shizuoka (JPN),06 MAY 1991
6.06,,Sergey BUBKA,04 DEC 1963,URS,Nice (FRA),10 JUL 1988
6.05,,Sergey BUBKA,04 DEC 1963,URS,Bratislava (TCH),09 JUN 1988
6.03,,Sergey BUBKA,04 DEC 1963,URS,Praha (TCH),23 JUN 1987
6.01,,Sergey BUBKA,04 DEC 1963,URS,Moskva (URS),08 JUL 1986
6.00,,Sergey BUBKA,04 DEC 1963,URS,Paris (FRA),13 JUL 1985
5.94,,Sergey BUBKA,04 DEC 1963,URS,Roma (ITA),31 AUG 1984
5.91,,Thierry VIGNERON,09 MAR 1960,FRA,Roma (ITA),31 AUG 1984
5.90,,Sergey BUBKA,04 DEC 1963,URS,London (GBR),13 JUL 1984
5.88,,Sergey BUBKA,04 DEC 1963,URS,Paris-St-Denis (FRA),02 JUN 1984
5.85,,Sergey BUBKA,04 DEC 1963,URS,Bratislava (TCH),26 MAY 1984
5.83,,Thierry VIGNERON,09 MAR 1960,FRA,Roma (ITA),01 SEP 1983
5.82,,Pierre QUINON,20 FEB 1962,FRA,K?ln (GER),28 AUG 1983
5.81,,Vladimir POLYAKOV,17 APR 1960,URS,Tbilisi (GEO),26 JUN 1981
5.80,,Thierry VIGNERON,09 MAR 1960,FRA,M?con (FRA),20 JUN 1981
5.78,,W©©adys©©aw KOZAKIEWICZ,08 DEC 1953,POL,Lenin Stadium* Moskva (URS),30 JUL 1980
5.77,,Philippe HOUVION,05 OCT 1957,FRA,Paris (FRA),17 JUL 1980
5.75,,Thierry VIGNERON,09 MAR 1960,FRA,Villeneuve d'Ascq (FRA),29 JUN 1980
5.75,,Thierry VIGNERON,09 MAR 1960,FRA,Colombes (FRA),01 JUN 1980
5.72,,W©©adys©©aw KOZAKIEWICZ,08 DEC 1953,POL,Milano (ITA),11 MAY 1980
5.70,,David ROBERTS,23 JUL 1951,USA,Eugene* OR (USA),22 JUN 1976
5.67,,Earl BELL,25 AUG 1955,USA,Wichita* KS (USA),29 MAY 1976
5.65,,David ROBERTS,23 JUL 1951,USA,Gainesville* FL (USA),28 MAR 1975
5.63,,Bob SEAGREN,17 OCT 1946,USA,Eugene* OR (USA),02 JUL 1972
5.55,,Kjell ISAKSSON,28 FEB 1948,SWE,Helsingborg (SWE),12 JUN 1972
5.54,,Kjell ISAKSSON,28 FEB 1948,SWE,Los Angeles* CA (USA),15 APR 1972
5.51,,Kjell ISAKSSON,28 FEB 1948,SWE,Austin* TX (USA),08 APR 1972
5.49,,Christos PAPANIKOLAOU,25 NOV 1941,GRE,Pireaus* Athina (GRE),24 OCT 1970
5.46,,Wolfgang NORDWIG,28 AUG 1943,GDR,Torino (ITA),03 SEP 1970
5.45,,Wolfgang NORDWIG,28 AUG 1943,GDR,Berlin (GER),17 JUN 1970
5.44,,John PENNEL,25 JUL 1940,USA,Sacramento* CA (USA),21 JUN 1969
5.41,,Bob SEAGREN,17 OCT 1946,USA,Echo Summit (USA),12 SEP 1968
5.38,,Paul WILSON,30 JUL 1947,RSA,Bakersfield* CA (USA),23 JUN 1967
5.36,,Bob SEAGREN,17 OCT 1946,USA,San Diego* CA (USA),10 JUN 1967
5.34,,John PENNEL,25 JUL 1940,USA,Los Angeles* CA (USA),23 JUL 1966
5.32,,Bob SEAGREN,17 OCT 1946,USA,Fresno* CA (USA),14 MAY 1966
5.28,,Fred HANSEN,29 JAN 1940,USA,Los Angeles* CA (USA),25 JUL 1964
5.23,,Fred HANSEN,29 JAN 1940,USA,San Diego* CA (USA),13 JUN 1964
5.20,,John PENNEL,25 JUL 1940,USA,Coral Gables* FL (USA),24 AUG 1963
5.13,,John PENNEL,25 JUL 1940,USA,London (GBR),05 AUG 1963
5.08,,Brian STERNBERG,21 JUN 1943,USA,Compton (GBR),07 JUN 1963
5.00,,Brian STERNBERG,21 JUN 1943,USA,Philadelphia* PA (USA),27 APR 1963
4.94,,Pentti NIKULA,03 FEB 1939,FIN,Kauhava (FIN),22 JUN 1962
4.93,,Dave TORK,25 AUG 1934,USA,Walnut* CA (USA),28 APR 1962
4.89,,John UELSES,14 JUL 1937,USA,Santa Barbara* CA (USA),31 MAR 1962
4.83,,George DAVIES,19 NOV 1940,USA,Boulder* CO (USA),20 MAY 1961
4.80,,Don BRAGG,15 MAY 1935,USA,Palo Alto* CA (USA),02 JUL 1960
4.78,,Bob GUTOWSKI,25 APR 1935,USA,Palo Alto* CA (USA),27 APR 1957
4.77,,Cornelius WARMERDAM,22 JUN 1915,USA,Modesto* CA (USA),23 MAY 1942
4.72,,Cornelius WARMERDAM,22 JUN 1915,USA,Compton (GBR),06 JUN 1941
4.60,,Cornelius WARMERDAM,22 JUN 1915,USA,Fresno* CA (USA),29 JUN 1940
4.54,,Earle MEADOWS,29 JUN 1913,USA,Los Angeles* CA (USA),29 MAY 1937
4.54,,Bill SEFTON,21 JAN 1915,USA,Los Angeles* CA (USA),29 MAY 1937
4.43,,George VAROFF,25 MAR 1914,USA,Princeton* NJ (USA),04 JUL 1936
4.39,,Keith BROWN,15 JUN 1913,USA,Cambridge* MA (USA),01 JUN 1935
4.37,,Bill GRABER,21 JAN 1911,USA,Palo Alto* CA (USA),16 JUL 1932
4.30,,Lee BARNES,16 JUL 1906,USA,Fresno* CA (USA),28 APR 1928
4.27,,Sabin CARR,04 SEP 1904,USA,Philadelphia* PA (USA),28 MAY 1927
4.25,,Charles HOFF,09 MAY 1902,NOR,Turku (FIN),27 SEP 1925
4.23,,Charles HOFF,09 MAY 1902,NOR,Oslo (NOR),13 AUG 1925
4.21,,Charles HOFF,09 MAY 1902,NOR,K©ªbenhavn (DEN),22 JUL 1923
4.12,,Charles HOFF,09 MAY 1902,NOR,K©ªbenhavn (DEN),03 SEP 1922
4.09,,Frank FOSS,09 MAY 1895,USA,Champs de Beerschot Stadium* Antwerpen (BEL),20 AUG 1920
4.02,,Marc WRIGHT,21 APR 1890,USA,Cambridge* MA (USA),06 AUG 1912
8.95,+0.3,Mike POWELL,10 NOV 1963,USA,Olympic Stadium* Tokyo (JPN),30 AUG 1991
8.90,+2.0,Bob BEAMON,29 AUG 1946,USA,Estadio Ol?mpico* Ciudad de M?xico (MEX),18 OCT 1968
8.35,0.0,Igor TER-OVANESYAN,19 MAY 1938,URS,Ciudad de M?xico (MEX),19 OCT 1967
8.35,0.0,Ralph BOSTON,09 MAY 1939,USA,Modesto* CA (USA),29 MAY 1965
8.34,+1.0,Ralph BOSTON,09 MAY 1939,USA,Los Angeles* CA (USA),12 SEP 1964
8.33,,Phil SHINNICK,21 APR 1943,USA,Modesto* CA (USA),25 MAY 1963
8.31,-0.1,Igor TER-OVANESYAN,19 MAY 1938,URS,Yerevan (ARM),10 JUN 1962
8.28,+1.2,Ralph BOSTON,09 MAY 1939,USA,Moskva (URS),16 JUL 1961
8.24,+1.8,Ralph BOSTON,09 MAY 1939,USA,Modesto* CA (USA),27 MAY 1961
8.21,0.0,Ralph BOSTON,09 MAY 1939,USA,Walnut* CA (USA),12 AUG 1960
8.13,+1.5,Jesse OWENS,12 SEP 1913,USA,Ann Arbor* MI (USA),25 MAY 1935
7.98,+0.5,Chuhei NAMBU,04 MAY 1904,JPN,Tokyo (JPN),27 OCT 1931
7.93,0.0,Silvio CATOR,09 OCT 1900,HAI,Colombes (FRA),09 SEP 1928
7.90,,Ed HAMM,13 APR 1906,USA,Cambridge* MA (USA),07 JUL 1928
7.89,,DeHart HUBBARD,25 NOV 1903,USA,Chicago* IL (USA),13 JUN 1925
7.76,,Robert LEGENDRE,07 JAN 1898,USA,Stade de Colombes* Colombes (FRA),07 JUL 1924
7.69,,Ned GOURDIN,10 AUG 1897,USA,Cambridge* MA (USA),23 JUL 1921
7.61,,Peter O'CONNOR,18 OCT 1874,GBR,Dublin (IRL),05 AUG 1901
18.29,+1.3,Jonathan EDWARDS,10 MAY 1966,GBR,Ullevi Stadium* G?teborg (SWE),07 AUG 1995
18.16,+1.3,Jonathan EDWARDS,10 MAY 1966,GBR,Ullevi Stadium* G?teborg (SWE),07 AUG 1995
17.98,+1.8,Jonathan EDWARDS,10 MAY 1966,GBR,Helm?ntico* Salamanca (ESP),18 JUL 1995
17.97,+1.5,Willie BANKS,11 MAR 1956,USA,Indianapolis* IN (USA),16 JUN 1985
17.89,0.0,Jo?o Carlos DE OLIVEIRA,28 MAY 1954,BRA,Ciudad de M?xico (MEX),15 OCT 1975
17.44,-0.5,Viktor SANEYEV,03 OCT 1945,URS,Sukhumi (URS),17 OCT 1972
17.40,+0.4,Pedro P?REZ DUENAS,23 FEB 1952,CUB,Cali (COL),05 AUG 1971
17.39,+2.0,Viktor SANEYEV,03 OCT 1945,URS,Estadio Ol?mpico* Ciudad de M?xico (MEX),17 OCT 1968
17.27,+2.0,N?lson PRUD?NCIO,04 APR 1944,BRA,Estadio Ol?mpico* Ciudad de M?xico (MEX),17 OCT 1968
17.23,+2.0,Viktor SANEYEV,03 OCT 1945,URS,Estadio Ol?mpico* Ciudad de M?xico (MEX),17 OCT 1968
17.22,0.0,Giuseppe GENTILE,04 SEP 1943,ITA,Estadio Ol?mpico* Ciudad de M?xico (MEX),17 OCT 1968
17.10,0.0,Giuseppe GENTILE,04 SEP 1943,ITA,Estadio Ol?mpico* Ciudad de M?xico (MEX),16 OCT 1968
17.03,+1.0,J?zef SCHMIDT,28 MAR 1935,POL,Olsztyn (POL),05 AUG 1960
16.70,0.0,Oleg FEDOSEYEV,04 JUN 1936,URS,Nalchik (URS),03 MAY 1959
16.59,+1.0,Oleg RYAKHOVSKIY,19 OCT 1933,URS,Moskva (URS),28 JUL 1958
16.56,+0.2,Adhemar FERREIRA DA SILVA,29 SEP 1927,BRA,Ciudad de M?xico (MEX),16 MAR 1955
16.23,+1.5,Leonid SHCHERBAKOV,07 APR 1927,URS,Moskva (URS),19 JUL 1953
16.22,+0.7,Adhemar FERREIRA DA SILVA,29 SEP 1927,BRA,Olympiastadion* Helsinki (FIN),23 JUL 1952
16.12,,Adhemar FERREIRA DA SILVA,29 SEP 1927,BRA,Olympiastadion* Helsinki (FIN),23 JUL 1952
16.01,+1.2,Adhemar FERREIRA DA SILVA,29 SEP 1927,BRA,Rio de Janeiro (BRA),30 SEP 1951
16.00,+1.6,Adhemar FERREIRA DA SILVA,29 SEP 1927,BRA,S?o Paulo (BRA),03 DEC 1950
16.00,+0.6,Naoto TAJIMA,15 AUG 1912,JPN,Olympiastadion* Berlin (GER),06 AUG 1936
15.78,,Jack METCALFE,03 FEB 1912,AUS,Sydney (AUS),14 DEC 1935
15.72,,Chuhei NAMBU,04 MAY 1904,JPN,Memorial Coliseum* Los Angeles* CA (USA),04 AUG 1932
15.58,+0.5,Mikio ODA,30 MAR 1905,JPN,Tokyo (JPN),27 OCT 1931
15.52,,Anthony William WINTER,25 AUG 1894,AUS,Stade de Colombes* Colombes (FRA),12 JUL 1924
15.52,,Daniel AHEARN,02 APR 1888,USA,New York* NY (USA),30 MAY 1911
23.37,,Ryan CROUSER,18 DEC 1992,USA,Hayward Field* Eugene* OR (USA),18 JUN 2021
23.12,,Randy BARNES,16 JUN 1966,USA,Westwood* CA (USA),20 MAY 1990
23.06,,Ulf TIMMERMANN,01 NOV 1962,GDR,Chania (GRE),22 MAY 1988
22.91,,Alessandro ANDREI,03 JAN 1959,ITA,Viareggio (ITA),12 AUG 1987
22.84,,Alessandro ANDREI,03 JAN 1959,ITA,Viareggio (ITA),12 AUG 1987
22.72,,Alessandro ANDREI,03 JAN 1959,ITA,Viareggio (ITA),12 AUG 1987
22.64,,Udo BEYER,09 AUG 1955,GDR,Berlin (GDR),20 AUG 1986
22.62,,Ulf TIMMERMANN,01 NOV 1962,GDR,Berlin (GDR),22 SEP 1985
22.22,,Udo BEYER,09 AUG 1955,GDR,Los Angeles* CA (USA),25 JUN 1983
22.15,,Udo BEYER,09 AUG 1955,GDR,G?teborg (SWE),06 JUL 1978
22.00,,Aleksandr BARYSHNIKOV,11 NOV 1948,URS,Colombes (FRA),10 JUL 1976
21.85,,Terry ALBRITTON,14 JAN 1955,USA,Honolulu* HI (USA),21 FEB 1976
21.82,,Al FEUERBACH,14 JAN 1948,USA,San Jos? (USA),05 MAY 1973
21.78,,Randy MATSON,05 MAR 1945,USA,College Station* TX (USA),22 APR 1967
21.52,,Randy MATSON,05 MAR 1945,USA,College Station* TX (USA),08 MAY 1965
20.68,,Dallas LONG,13 JUN 1940,USA,Los Angeles* CA (USA),25 JUL 1964
20.20,,Dallas LONG,13 JUN 1940,USA,Los Angeles* CA (USA),29 MAY 1964
20.10,,Dallas LONG,13 JUN 1940,USA,Los Angeles* CA (USA),04 APR 1964
20.08,,Dallas LONG,13 JUN 1940,USA,Los Angeles* CA (USA),18 MAY 1962
20.06,,Bill NIEDER,10 AUG 1933,USA,Walnut* CA (USA),12 AUG 1960
19.99,,Bill NIEDER,10 AUG 1933,USA,Austin* TX (USA),02 APR 1960
19.67,,Dallas LONG,13 JUN 1940,USA,Los Angeles* CA (USA),26 MAR 1960
19.45,,Bill NIEDER,10 AUG 1933,USA,Palo Alto* CA (USA),19 MAR 1960
19.38,,Dallas LONG,13 JUN 1940,USA,Los Angeles* CA (USA),05 MAR 1960
19.30,,Parry O'BRIEN,28 JAN 1932,USA,Albuquerque* NM (USA),01 AUG 1959
19.25,,Dallas LONG,13 JUN 1940,USA,Santa Barbara* CA (USA),28 MAR 1959
19.25,,Parry O'BRIEN,28 JAN 1932,USA,Los Angeles* CA (USA),01 NOV 1956
19.06,,Parry O'BRIEN,28 JAN 1932,USA,Eugene* OR (USA),03 SEP 1956
18.69,,Parry O'BRIEN,28 JAN 1932,USA,Los Angeles* CA (USA),15 JUN 1956
18.62,,Parry O'BRIEN,28 JAN 1932,USA,Salt Lake City* UT (USA),05 MAY 1956
18.54,,Parry O'BRIEN,28 JAN 1932,USA,Los Angeles* CA (USA),11 JUN 1954
18.43,,Parry O'BRIEN,28 JAN 1932,USA,Los Angeles* CA (USA),21 MAY 1954
18.42,,Parry O'BRIEN,28 JAN 1932,USA,Los Angeles* CA (USA),08 MAY 1954
18.04,,Parry O'BRIEN,28 JAN 1932,USA,Compton* CA (USA),05 JUN 1953
18.00,,Parry O'BRIEN,28 JAN 1932,USA,Fresno* CA (USA),09 MAY 1953
17.95,,Jim FUCHS,06 DEC 1927,USA,Eskilstuna (SWE),22 AUG 1950
17.90,,Jim FUCHS,06 DEC 1927,USA,Visby (SWE),20 AUG 1950
17.82,,Jim FUCHS,06 DEC 1927,USA,Los Angeles* CA (USA),29 APR 1950
17.79,,Jim FUCHS,06 DEC 1927,USA,Oslo (NOR),28 JUL 1949
17.68,,Charles FONVILLE,27 APR 1927,USA,Lawrence* KS (USA),17 APR 1948
17.40,,John "Jack" TORRANCE,20 JUN 1912,USA,Oslo (NOR),05 AUG 1934
16.89,,John "Jack" TORRANCE,20 JUN 1912,USA,Milwaukee* WI (USA),30 JUN 1934
16.80,,John "Jack" TORRANCE,20 JUN 1912,USA,Des Moines* IA (USA),27 APR 1934
16.48,,John LYMAN,19 MAR 1912,USA,Palo Alto* CA (USA),21 APR 1934
16.20,,Franti?ek DOUDA,23 OCT 1908,TCH,Praha (TCH),24 SEP 1932
16.16,,Leo SEXTON,27 AUG 1909,USA,Freeport (BAH),27 AUG 1932
16.05,,Zygmunt HELJASZ,21 SEP 1908,POL,Poznan (POL),29 JUN 1932
16.04,,Franti?ek DOUDA,23 OCT 1908,TCH,Brno (TCH),04 OCT 1931
16.04,,Emil HIRSCHFELD,31 JUL 1903,GER,Wattenscheid* Bochum (GER),26 AUG 1928
15.87,,Johnny KUCK,27 APR 1905,USA,Olympisch Stadion* Amsterdam (NED),29 JUL 1928
15.79,,Emil HIRSCHFELD,31 JUL 1903,GER,Breslau (GER),06 MAY 1928
15.54,,Ralph ROSE,17 MAR 1885,USA,San Francisco* CA (USA),21 AUG 1909
74.08,,J?rgen SCHULT,11 MAY 1960,GDR,Neubrandenburg (GDR),06 JUN 1986
71.86,,Yuriy DUMCHEV,05 AUG 1958,URS,Moskva (URS),29 MAY 1983
71.16,,Wolfgang SCHMIDT,16 JAN 1954,GDR,Berlin (GER),09 AUG 1978
70.86,,Mac WILKINS,15 NOV 1950,USA,San Jos? (USA),01 MAY 1976
70.24,,Mac WILKINS,15 NOV 1950,USA,San Jos? (USA),01 MAY 1976
69.80,,Mac WILKINS,15 NOV 1950,USA,San Jos? (USA),01 MAY 1976
69.18,,Mac WILKINS,15 NOV 1950,USA,Walnut* CA (USA),24 APR 1976
69.08,,John POWELL,25 JUN 1947,USA,Long Beach* CA (USA),04 MAY 1975
68.48,,John VAN REENEN,26 MAR 1947,RSA,Stellenbosch (RSA),14 MAR 1975
68.40,,Rickard BRUCH,02 JUL 1946,SWE,Stockholm (SWE),05 JUL 1972
68.40,,Jay SILVESTER,27 AUG 1937,USA,Reno* NV (USA),18 SEP 1968
66.54,,Jay SILVESTER,27 AUG 1937,USA,Modesto* CA (USA),25 MAY 1968
65.22,,Ludv?k DAN?K,06 JAN 1937,TCH,Sokolov (TCH),12 OCT 1965
64.55,,Ludv?k DAN?K,06 JAN 1937,TCH,Turnov (TCH),02 AUG 1964
62.94,,Al OERTER,19 SEP 1936,USA,Walnut* CA (USA),25 APR 1964
62.62,,Al OERTER,19 SEP 1936,USA,Walnut* CA (USA),27 APR 1963
62.45,,Al OERTER,19 SEP 1936,USA,Chicago* IL (USA),01 JUL 1962
61.64,,Vladimir TRUSENYOV,03 AUG 1931,URS,Leningrad (URS),04 JUN 1962
61.10,,Al OERTER,19 SEP 1936,USA,Los Angeles* CA (USA),18 MAY 1962
60.72,,Jay SILVESTER,27 AUG 1937,USA,Bruxelles (BEL),20 AUG 1961
60.56,,Jay SILVESTER,27 AUG 1937,USA,Frankfurt (GER),11 AUG 1961
59.91,,Rink BABKA,23 SEP 1936,USA,Walnut* CA (USA),12 AUG 1960
59.91,,Edmund PI?TKOWSKI,31 JAN 1936,POL,Warszawa (POL),14 JUN 1959
59.28,,Fortune GORDIEN,09 SEP 1922,USA,Pasadena* CA (USA),22 AUG 1953
58.10,,Fortune GORDIEN,09 SEP 1922,USA,Pasadena* CA (USA),11 JUL 1953
57.93,,Sim INESS,09 JUL 1930,USA,Lincoln* NE (USA),20 JUN 1953
56.97,,Fortune GORDIEN,09 SEP 1922,USA,H?meenlinna (FIN),14 AUG 1949
56.46,,Fortune GORDIEN,09 SEP 1922,USA,Lisboa (POR),09 JUL 1949
55.33,,Adolfo CONSOLINI,05 JAN 1917,ITA,Milano (ITA),10 OCT 1948
54.93,,Bob FITCH,28 JUL 1919,USA,Minneapolis* MN (USA),08 JUN 1946
54.23,,Adolfo CONSOLINI,05 JAN 1917,ITA,Milano (ITA),14 APR 1946
53.34,,Adolfo CONSOLINI,05 JAN 1917,ITA,Milano (ITA),26 OCT 1941
53.26,,Archie HARRIS,03 JUL 1918,USA,Palo Alto* CA (USA),20 JUN 1941
53.10,,Willy SCHR?DER,07 MAR 1912,GER,Magdeburg (GER),28 APR 1935
52.42,,Harald ANDERSSON,02 APR 1907,SWE,Oslo (NOR),25 AUG 1934
51.73,,Paul JESSUP,23 SEP 1908,USA,Pittsburgh* PA (USA),23 AUG 1930
51.03,,Eric KRENZ,07 MAY 1906,USA,Palo Alto* CA (USA),17 MAY 1930
49.90,,Eric KRENZ,07 MAY 1906,USA,Palo Alto* CA (USA),09 MAR 1929
48.20,,Bud HOUSER,25 SEP 1901,USA,Palo Alto* CA (USA),03 APR 1926
47.89,,Glenn HARTRANFT,03 DEC 1901,USA,San Francisco* CA (USA),02 MAY 1925
47.61,,Thomas LIEB,28 OCT 1899,USA,Chicago* IL (USA),14 SEP 1924
47.58,,James DUNCAN,25 SEP 1887,USA,New York* NY (USA),27 MAY 1912
86.74,,Yuriy SEDYKH,11 JUN 1955,URS,Neckarstadion* Stuttgart (GER),30 AUG 1986
86.66,,Yuriy SEDYKH,11 JUN 1955,URS,Tallinn (EST),22 JUN 1986
86.34,,Yuriy SEDYKH,11 JUN 1955,URS,Cork (IRL),03 JUL 1984
84.14,,Sergey LITVINOV,23 JAN 1958,URS,Moskva (URS),21 JUN 1983
83.98,,Sergey LITVINOV,23 JAN 1958,URS,Moskva (URS),04 JUN 1982
81.80,,Yuriy SEDYKH,11 JUN 1955,URS,Lenin Stadium* Moskva (URS),31 JUL 1980
81.66,,Sergey LITVINOV,23 JAN 1958,URS,Sochi (URS),24 MAY 1980
80.64,,Yuriy SEDYKH,11 JUN 1955,URS,Leselidze (URS),16 MAY 1980
80.46,,J?ri TAMM,05 FEB 1957,URS,Leselidze (URS),16 MAY 1980
80.38,,Yuriy SEDYKH,11 JUN 1955,URS,Leselidze (URS),16 MAY 1980
80.32,,Karl-Hans RIEHM,31 MAY 1951,FRG,Heidenheim (GER),06 AUG 1978
80.14,,Boris ZAYCHUK,28 AUG 1947,URS,Moskva (URS),09 JUL 1978
79.30,,Walter SCHMIDT,07 AUG 1948,FRG,Frankfurt (GER),14 AUG 1975
78.50,,Karl-Hans RIEHM,31 MAY 1951,FRG,Rehlingen (GER),19 MAY 1975
77.56,,Karl-Hans RIEHM,31 MAY 1951,FRG,Rehlingen (GER),19 MAY 1975
76.70,,Karl-Hans RIEHM,31 MAY 1951,FRG,Rehlingen (GER),19 MAY 1975
76.66,,Aleksey SPIRIDONOV,20 NOV 1951,URS,M?nchen (GER),11 SEP 1974
76.60,,Reinhard THEIMER,28 FEB 1948,GDR,Leipzig (GER),04 JUL 1974
76.40,,Walter SCHMIDT,07 AUG 1948,FRG,Lahr (FRG),04 SEP 1971
75.48,,Anatoliy BONDARCHUK,31 MAY 1940,URS,Rovno (UKR),13 OCT 1969
74.68,,Anatoliy BONDARCHUK,31 MAY 1940,URS,Athina (GRE),20 SEP 1969
74.52,,Romuald KLIM,25 MAY 1933,URS,Budapest (HUN),15 JUN 1969
73.76,,Gyula ZSIV?TZKY,25 FEB 1937,HUN,Budapest (HUN),14 SEP 1968
73.74,,Gyula ZSIV?TZKY,25 FEB 1937,HUN,Debrecen (HUN),04 SEP 1965
71.26,,Hal CONNOLLY,01 AUG 1931,USA,Walnut* CA (USA),20 JUN 1965
71.06,,Hal CONNOLLY,01 AUG 1931,USA,Ceres* CA (USA),29 MAY 1965
70.67,,Hal CONNOLLY,01 AUG 1931,USA,Palo Alto* CA (USA),21 JUL 1962
70.33,,Hal CONNOLLY,01 AUG 1931,USA,Walnut* CA (USA),12 AUG 1960
68.68,,Hal CONNOLLY,01 AUG 1931,USA,Bakersfield* CA (USA),20 JUN 1958
68.54,,Hal CONNOLLY,01 AUG 1931,USA,Los Angeles* CA (USA),02 NOV 1956
67.32,,Mikhail KRIVONOSOV,01 MAY 1929,URS,Tashkent (URS),22 OCT 1956
66.38,,Mikhail KRIVONOSOV,01 MAY 1929,URS,Minsk (BLR),08 JUL 1956
65.85,,Mikhail KRIVONOSOV,01 MAY 1929,URS,Nalchik (URS),25 APR 1956
64.52,,Mikhail KRIVONOSOV,01 MAY 1929,URS,Beograd (SRB),19 SEP 1955
64.33,,Mikhail KRIVONOSOV,01 MAY 1929,URS,Warszawa (POL),04 AUG 1955
64.05,,Stanislav NYENASHEV,18 MAR 1934,URS,Baku (AZE),12 DEC 1954
63.34,,Mikhail KRIVONOSOV,01 MAY 1929,URS,Bern (SUI),29 AUG 1954
62.36,,Sverre STRANDLI,30 SEP 1925,NOR,Oslo (NOR),05 SEP 1953
61.25,,Sverre STRANDLI,30 SEP 1925,NOR,Oslo (NOR),14 SEP 1952
60.34,,J?zsef CSERM?K,14 FEB 1932,HUN,Olympiastadion* Helsinki (FIN),24 JUL 1952
59.88,,Imre N?METH,23 SEP 1917,HUN,Budapest (HUN),19 MAY 1950
59.57,,Imre N?METH,23 SEP 1917,HUN,Katowice (POL),04 SEP 1949
59.02,,Imre N?METH,23 SEP 1917,HUN,Tata (HUN),14 JUL 1948
59.00,,Erwin BLASK,20 MAR 1910,GER,Stockholm (SWE),27 AUG 1938
57.77,,Pat RYAN,01 APR 1883,USA,New York* NY (USA),17 AUG 1913
98.48,,Jan ?ELEZN?,16 JUN 1966,CZE,Jena (GER),25 MAY 1996
95.66,,Jan ?ELEZN?,16 JUN 1966,CZE,Sheffield (GBR),29 AUG 1993
95.54,,Jan ?ELEZN?,16 JUN 1966,CZE,Pietersburg (RSA),06 APR 1993
91.46,,Steve BACKLEY,12 FEB 1969,GBR,Auckland (NZL),25 JAN 1992
89.58,,Steve BACKLEY,12 FEB 1969,GBR,Stockholm (SWE),02 JUL 1990
89.10,,Patrik BOD?N,30 JUN 1967,SWE,Austin* TX (USA),24 MAR 1990
87.66,,Jan ?ELEZN?,16 JUN 1966,TCH,Nitra (TCH),31 MAY 1987
85.74,,Klaus TAFELMEIER,12 MAY 1958,FRG,Como (ITA),21 SEP 1986
104.80 (o),,Uwe HOHN,16 JUL 1962,GDR,Berlin (GDR),20 JUL 1984
99.72 (o),,Tom PETRANOFF,08 APR 1958,USA,Westwood* CA (USA),15 MAY 1983
96.72 (o),,Ferenc PARAGI,21 AUG 1953,HUN,Tata (HUN),23 APR 1980
94.58 (o),,Mikl?s N?METH,23 OCT 1946,HUN,Olympic Stadium* Montr?al (CAN),26 JUL 1976
94.08 (o),,Klaus WOLFERMANN,31 MAR 1946,FRG,Leverkusen (GER),05 MAY 1973
93.80 (o),,J?nis LUSIS,19 MAY 1939,URS,Stockholm (SWE),06 JUL 1972
92.70 (o),,Jorma KINNUNEN,15 DEC 1941,FIN,Tampere (FIN),18 JUN 1969
91.98 (o),,J?nis LUSIS,19 MAY 1939,URS,Saarij?rvi (FIN),23 JUN 1968
91.72 (o),,Terje PEDERSEN,09 FEB 1943,NOR,Oslo (NOR),02 SEP 1964
87.12 (o),,Terje PEDERSEN,09 FEB 1943,NOR,Oslo (NOR),01 JUL 1964
86.74 (o),,Carlo LIEVORE,10 NOV 1937,ITA,Milano (ITA),01 JUN 1961
86.04 (o),,Al CANTELLO,09 JUN 1931,USA,Compton* CA (USA),05 JUN 1959
85.71 (o),,Egil DANIELSEN,09 NOV 1933,NOR,Cricket Ground* Melbourne (AUS),25 NOV 1956
83.66 (o),,Janusz SIDLO,19 JUN 1933,POL,Milano (ITA),30 JUN 1956
83.56 (o),,Soini NIKKINEN,19 JUL 1923,FIN,Kuhmoinen (FIN),24 JUN 1956
81.75 (o),,Bud HELD,25 OCT 1927,USA,Modesto* CA (USA),21 MAY 1955
80.41 (o),,Bud HELD,25 OCT 1927,USA,Pasadena* CA (USA),08 AUG 1953
78.70 (o),,Yrj? NIKKANEN,31 DEC 1914,FIN,Kotka (FIN),16 OCT 1938
77.87 (o),,Yrj? NIKKANEN,31 DEC 1914,FIN,Karhula (FIN),25 AUG 1938
77.23 (o),,Matti J?RVINEN,18 FEB 1909,FIN,Helsinki (FIN),18 JUN 1936
76.66 (o),,Matti J?RVINEN,18 FEB 1909,FIN,Torino (ITA),07 SEP 1934
76.10 (o),,Matti J?RVINEN,18 FEB 1909,FIN,Helsinki (FIN),15 JUN 1933
74.61 (o),,Matti J?RVINEN,18 FEB 1909,FIN,Vaasa (FIN),07 JUN 1933
74.28 (o),,Matti J?RVINEN,18 FEB 1909,FIN,Mikkeli (FIN),25 MAY 1933
74.02 (o),,Matti J?RVINEN,18 FEB 1909,FIN,Turku (FIN),27 JUN 1932
72.93 (o),,Matti J?RVINEN,18 FEB 1909,FIN,Viipuri (FIN),14 SEP 1930
71.88 (o),,Matti J?RVINEN,18 FEB 1909,FIN,Vaasa (FIN),30 AUG 1930
71.70 (o),,Matti J?RVINEN,18 FEB 1909,FIN,Tampere (FIN),17 AUG 1930
71.57 (o),,Matti J?RVINEN,18 FEB 1909,FIN,Viipuri (FIN),08 AUG 1930
71.01 (o),,Erik LUNDQVIST,29 JUN 1908,SWE,Stockholm (SWE),15 AUG 1928
69.88 (o),,Eino PENTTIL?,27 AUG 1906,FIN,Viipuri (FIN),08 OCT 1927
66.62 (o),,Gunnar LINDSTR?M,11 FEB 1896,SWE,Eksj? (SWE),12 OCT 1924
66.10 (o),,Jonni MYYR?,13 JUL 1892,FIN,Stockholm (SWE),25 AUG 1919
62.32 (o),,Eric LEMMING,22 FEB 1880,SWE,Stockholm (SWE),29 SEP 1912
9126,,Kevin MAYER,10 FEB 1992,FRA,Stade Pierre Paul Bernard* Talence (FRA),16 SEP 2018
9045,,Ashton EATON,21 JAN 1988,USA,National Stadium* Beijing (CHN),29 AUG 2015
9039,,Ashton EATON,21 JAN 1988,USA,Hayward Field* Eugene* OR (USA),23 JUN 2012
9026,,Roman ?EBRLE,26 NOV 1974,CZE,G?tzis (AUT),27 MAY 2001
8994,,Tom?? DVO??K,11 MAY 1972,CZE,Praha (CZE),04 JUL 1999
8891,,Dan O'BRIEN,18 JUL 1966,USA,Talence (FRA),05 SEP 1992
8847,,Daley THOMPSON,30 JUL 1958,GBR,Memorial Coliseum* Los Angeles* CA (USA),09 AUG 1984
8798,,Daley THOMPSON,30 JUL 1958,GBR,Memorial Coliseum* Los Angeles* CA (USA),09 AUG 1984
8798,,J?rgen HINGSEN,15 APR 1958,FRG,Mannheim (GER),09 JUN 1984
8779,NWI,J?rgen HINGSEN,15 APR 1958,FRG,Bernhausen* Filderstadt (GER),05 JUN 1983
8743,,Daley THOMPSON,30 JUL 1958,GBR,Athina (GRE),08 SEP 1982
8723,NWI,J?rgen HINGSEN,15 APR 1958,FRG,Ulm (GER),15 AUG 1982
8704,,Daley THOMPSON,30 JUL 1958,GBR,G?tzis (AUT),23 MAY 1982
8649,,Guido KRATSCHMER,10 JAN 1953,FRG,Bernhausen* Filderstadt (GER),15 JUN 1980
8622,,Daley THOMPSON,30 JUL 1958,GBR,G?tzis (AUT),18 MAY 1980
8618,,Bruce JENNER,28 OCT 1949,USA,Olympic Stadium* Montr?al (CAN),30 JUL 1976
8538,,Bruce JENNER,28 OCT 1949,USA,Eugene* OR (USA),26 JUN 1976
8524,,Bruce JENNER,28 OCT 1949,USA,Eugene* OR (USA),10 AUG 1975
8454,,Nikolay AVILOV,06 AUG 1948,URS,Olympiastadion* M?nchen (GER),08 SEP 1972
8417,,Bill TOOMEY,10 JAN 1939,USA,Los Angeles* CA (USA),11 DEC 1969
8319,,Kurt BENDLIN,22 MAY 1943,FRG,Heidelberg (FRG),14 MAY 1967
8230,,Russ HODGE,09 SEP 1939,USA,Los Angeles* CA (USA),24 JUL 1966
9121,NWI,Chuan-Kwang YANG,10 JUL 1933,TPE,Walnut* CA (USA),28 APR 1963
8683,,Rafer JOHNSON,18 AUG 1934,USA,Eugene* OR (USA),09 JUL 1960
8357,,Vasiliy KUZNETSOV,07 FEB 1932,URS,Moskva (URS),17 MAY 1959
8302,,Rafer JOHNSON,18 AUG 1934,USA,Moskva (URS),27 JUL 1958
8014,,Vasiliy KUZNETSOV,07 FEB 1932,URS,Krasnodar (URS),18 MAY 1958
7985,,Rafer JOHNSON,18 AUG 1934,USA,Kingsburg* CA (USA),11 JUN 1955
7887,,Bob MATHIAS,17 NOV 1930,USA,Olympiastadion* Helsinki (FIN),26 JUL 1952
8042,,Bob MATHIAS,17 NOV 1930,USA,Tulare* CA (USA),30 JUN 1950
7900,,Glenn MORRIS,18 JUN 1912,USA,Olympiastadion* Berlin (GER),08 AUG 1936
8790,,Hans-Heinrich SIEVERT,01 DEC 1909,GER,Hamburg (GER),08 JUL 1934
8462,,Jim BAUSCH,28 MAR 1906,USA,Memorial Coliseum* Los Angeles* CA (USA),06 AUG 1932
8255,,Akilles J?RVINEN,19 SEP 1905,FIN,Viipuri (FIN),20 JUL 1930
8053,,Paavo YRJ?L?,18 JUN 1902,FIN,Olympisch Stadion* Amsterdam (NED),04 AUG 1928
7995,,Paavo YRJ?L?,18 JUN 1902,FIN,Helsinki (FIN),17 JUL 1927
7820,,Paavo YRJ?L?,18 JUN 1902,FIN,Viipuri (FIN),18 JUL 1926
7710,,Harold OSBORN,13 APR 1899,USA,Stade de Colombes* Colombes (FRA),12 JUL 1924
7485,,Aleksander KLUMBERG,17 APR 1899,URS,Helsinki (FIN),17 SEP 1922
1:17:25.6h,,Bernardo SEGURA,11 FEB 1970,MEX,Fana (NOR),07 MAY 1994
1:18:35.2h,,Stefan JOHANSSON,11 APR 1967,SWE,Fana (NOR),15 MAY 1992
1:18:40.0h,,Ernesto CANTO,18 OCT 1959,MEX,Fana (NOR),05 MAY 1984
1:20:06.8h,,Daniel BAUTISTA,04 AUG 1952,MEX,Montr?al (CAN),17 OCT 1979
1:20:58.6h,,Domingo COL?N,04 AUG 1952,MEX,Fana (NOR),26 MAY 1979
1:22:19.4h,,G?rard LELI?VRE,13 NOV 1949,FRA,Epinay-sur-Seine (FRA),29 APR 1979
1:22:59.4h,,Anatoliy SOLOMIN,02 JUL 1952,URS,Alushta (URS),26 APR 1979
1:23:31.9h,,Daniel BAUTISTA,04 AUG 1952,MEX,Bergen* NY (USA),14 MAY 1977
1:24:45.0h,,Bernd KANNENBERG,20 AUG 1942,FRG,Hamburg (GER),25 MAY 1974
1:25:19.4h,,Hans-Georg REIMANN,24 AUG 1941,GER,Erfurt (GER),24 JUN 1972
1:25:19.4h,,Peter FRENKEL,19 MAY 1939,GDR,Erfurt (GER),24 JUN 1972
1:25:50.0h,,Peter FRENKEL,19 MAY 1939,GDR,Erfurt (GER),04 JUL 1970
1:26:45.8h,,Gennady AGAPOV,05 DEC 1933,URS,Simferopol (URS),06 APR 1969
1:27:05.0h,,Vladimir GOLUBNICHIY,02 JUN 1936,URS,Simferopol (URS),23 SEP 1958
1:27:38.6h,,Grigoriy PANICHKIN,05 NOV 1929,URS,Stalinabad (URS),09 MAY 1958
1:27:58.2h,,Mikhail LAVROV,11 SEP 1927,URS,Moskva (URS),13 AUG 1956
1:28:45.2h,,Leonid SPIRIN,21 JUN 1932,URS,Kiev (URS),13 JUN 1956
1:30:02.8h,,Vladimir GOLUBNICHIY,02 JUN 1936,URS,Kiev (URS),02 OCT 1955
1:30:26.4h,,Josef DOLE?AL,12 DEC 1920,TCH,Star? Boleslav (TCH),01 NOV 1953
1:32:28.4h,,John MIKAELSSON,06 DEC 1913,SWE,V?xj? (SWE),12 JUL 1942
1:34:26.0h,,J?nis D?LI??,05 NOV 1904,URS,Riga (LAT),01 JUN 1933
1:36:34.4h,,Armando VALENTE,12 JAN 1903,ITA,Genova (ITA),25 OCT 1930
1:37:42.2h,,Donato PAVESI,19 AUG 1889,ITA,Milano (ITA),23 OCT 1927
1:38:53.2h,,Attilio CALLEGARI,06 APR 1900,ITA,Milano (ITA),26 DEC 1926
1:39:20.4h,,Armando VALENTE,12 JAN 1903,ITA,Bologna (ITA),02 DEC 1926
1:39:22.0h,,Niels PETERSEN,15 AUG 1888,DEN,K©ªbenhavn (DEN),30 JUN 1918
1:16:36,,Yusuke SUZUKI,02 JAN 1988,JPN,Nomi (JPN),15 MAR 2015
1:17:02,,Yohann DINIZ,01 JAN 1978,FRA,Arles (FRA),08 MAR 2015
1:17:16,,Vladimir KANAYKIN,21 MAR 1985,RUS,Saransk (RUS),29 SEP 2007
1:17:21,,Jefferson P?REZ,01 JUL 1974,ECU,Stade de France* Paris-St-Denis (FRA),23 AUG 2003
2:01:44.1h,,Maurizio DAMILANO,06 APR 1957,ITA,Cuneo (ITA),03 OCT 1992
2:03:56.5h,,Thierry TOUTAIN,14 FEB 1962,FRA,H?ricourt (FRA),24 MAR 1991
2:04:55.5h,,Guillaume LEBLANC,14 APR 1962,CAN,Sept-Iles (CAN),16 JUN 1990
2:08:00.0h,,Jos? MAR?N,25 JAN 1950,ESP,Barcelona (ESP),07 APR 1979
2:11:53.4h,,Ra?l GONZ?LEZ,29 NOV 1952,MEX,F©ªrde (NOR),19 MAY 1978
2:12:58.0h,,Bernd KANNENBERG,20 AUG 1942,FRG,Kassel (GER),11 MAY 1974
2:14:21.2h,,Peter FRENKEL,19 MAY 1939,GDR,Berlin (GDR),14 APR 1974
2:14:45.6h,,Karl-Heinz STADTM?LLER,30 JAN 1953,GDR,Berlin (GDR),16 APR 1972
2:15:16.0h,,Christoph H?HNE,12 FEB 1941,GDR,Berlin (GDR),11 APR 1971
2:17:16.8h,,Anatoliy YEGOROV,06 MAY 1933,URS,Leningrad (URS),15 JUL 1959
2:19:43.0h,,Anatoly VEDYAKOV,21 DEC 1930,URS,Moskva (URS),23 AUG 1958
2:20:40.2h,,Anatoly VEDYAKOV,21 DEC 1930,URS,Moskva (URS),07 OCT 1955
2:21:38.6h,,Josef DOLE?AL,12 DEC 1920,TCH,Praha (TCH),12 OCT 1952
2:27:42.0h,,John LJUNGGREN,09 SEP 1919,SWE,V?rnamo (SWE),03 AUG 1952
2:27:46.6h,,S?ndor L?SZL?,04 MAR 1925,HUN,Budapest (HUN),18 MAY 1952
2:28:57.4h,,Harry OLSSON,01 NOV 1908,SWE,Bor?s (SWE),15 AUG 1943
2:30:33.6h,,Hermann SCHMIDT,01 AUG 1905,GER,Hamburg (GER),27 APR 1941
2:37:18.2h,,Hermann M?LLER,18 APR 1885,GER,M?nchen (GER),11 SEP 1921
3:35:27.2h,,Yohann DINIZ,01 JAN 1978,FRA,Reims (FRA),12 MAR 2011
3:40:57.9h,,Thierry TOUTAIN,14 FEB 1962,FRA,H?ricourt (FRA),29 SEP 1996
3:41:28.2h,,Ren? PILLER,23 APR 1965,FRA,Fana (NOR),07 MAY 1994
3:41:38.4h,,Ra?l GONZ?LEZ,29 NOV 1952,MEX,Fana (NOR),25 MAY 1979
3:52:23.5h,,Ra?l GONZ?LEZ,29 NOV 1952,MEX,F©ªrde (NOR),19 MAY 1978
3:56:51.4h,,Bernd KANNENBERG,20 AUG 1942,FRG,Nerviano (ITA),16 NOV 1975
4:00:27.2h,,Gerhard WEIDNER,15 MAR 1933,FRG,Hamburg (GER),08 APR 1973
4:03:42.6h,,Venyamin SOLDATENKO,04 JAN 1939,URS,Moskva (URS),05 OCT 1972
4:04:19.8h,,Peter SELZER,25 JUN 1946,GDR,Naumburg (GER),03 OCT 1971
4:08:05.0h,,Christoph H?HNE,12 FEB 1941,GDR,Berlin (GDR),18 OCT 1969
4:10:51.8h,,Christoph H?HNE,12 FEB 1941,GDR,Potsdam (GDR),16 MAY 1965
4:14:02.4h,,Abdon PAMICH,03 OCT 1933,ITA,Roma (ITA),19 NOV 1961
4:16:08.6h,,Sergey LOBASTOV,05 APR 1926,URS,Moskva (URS),23 AUG 1958
4:21:07.0h,,Ladislav MOC,17 SEP 1931,TCH,Praha (TCH),21 JUN 1956
4:26:05.2h,,Milan SK?ONT,24 NOV 1930,TCH,Krnov (TCH),30 APR 1956
4:27:28.4h,,Ladislav MOC,17 SEP 1931,TCH,Znojmo (TCH),13 OCT 1955
4:29:58.0h,,John LJUNGGREN,09 SEP 1919,SWE,Fristad (SWE),08 AUG 1953
4:31:21.6h,,Antal R?KA,25 JUN 1927,HUN,Budapest (HUN),01 JUN 1952
4:32:52.0h,,John LJUNGGREN,09 SEP 1919,SWE,Gislaved (SWE),29 JUL 1951
3:32:33,,Yohann DINIZ,01 JAN 1978,FRA,Letzigrund* Z?rich (SUI),15 AUG 2014
3:34:14,,Denis NIZHEGORODOV,26 JUL 1980,RUS,Cheboksary (RUS),11 MAY 2008
3:35:47,,Nathan DEAKES,17 AUG 1977,AUS,Geelong (AUS),02 DEC 2006
3:36:03,,Robert KORZENIOWSKI,30 JUL 1968,POL,Stade de France* Paris-St-Denis (FRA),27 AUG 2003
36.84,,Jamaica,,JAM,Olympic Stadium* London (GBR),11 AUG 2012
37.04,,Jamaica,,JAM,DS* Daegu (KOR),04 SEP 2011
37.40,,United States,,USA,Gottlieb-Daimler Stadion* Stuttgart (GER),21 AUG 1993
37.40,,United States,,USA,Estadio Ol?mpico* Barcelona (ESP),08 AUG 1992
37.50,,United States,,USA,Olympic Stadium* Tokyo (JPN),01 SEP 1991
37.67,,United States,,USA,Letzigrund* Z?rich (SUI),07 AUG 1991
37.79,,Santa Monica Track Club,,USA,Stade Louis II* Monaco (MON),03 AUG 1991
37.79,,France,,FRA,Poljud Stadion* Split (CRO),01 SEP 1990
37.83,,United States,,USA,Memorial Coliseum* Los Angeles* CA (USA),11 AUG 1984
37.86,,United States,,USA,Olympiastadion* Helsinki (FIN),10 AUG 1983
38.03,,United States,,USA,Rheinstadion* D?sseldorf (GER),03 SEP 1977
38.2h,,United States,,USA,Olympiastadion* M?nchen (GER),10 SEP 1972
38.2h,,United States,,USA,Estadio Ol?mpico* Ciudad de M?xico (MEX),20 OCT 1968
38.3h,,Jamaica,,JAM,Estadio Ol?mpico* Ciudad de M?xico (MEX),19 OCT 1968
38.6h,,Jamaica,,JAM,Estadio Ol?mpico* Ciudad de M?xico (MEX),19 OCT 1968
38.6h y,,USC,,INT,Provo* UT (USA),15 JUN 1967
39.0h,,United States,,USA,National Stadium* Tokyo (JPN),21 OCT 1964
39.1h,,United States,,USA,Moskva (URS),15 JUL 1961
39.5h,,Germany,,GER,Stadio Olimpico* Roma (ITA),08 SEP 1960
39.5h,,Germany,,GER,Stadio Olimpico* Roma (ITA),07 SEP 1960
39.5h,,Federal Republic of Germany,,FRG,K?ln (GER),29 AUG 1958
39.5h,,United States,,USA,Cricket Ground* Melbourne (AUS),01 DEC 1956
39.8h,,United States,,USA,Olympiastadion* Berlin (GER),09 AUG 1936
40.0h,,United States,,USA,Memorial Coliseum* Los Angeles* CA (USA),07 AUG 1932
40.6h,,Germany,,GER,Kassel (GER),14 JUN 1932
40.8h y,,USC,,USA,Fresno* CA (USA),09 MAY 1931
40.8h,,SC Charlottenburg,,GER,Breslau (GER),22 JUL 1929
40.8h,,Germany,,GER,Berlin (GER),02 SEP 1928
41.0h,,United States,,USA,Olympisch Stadion* Amsterdam (NED),05 AUG 1928
41.0h,,Eintracht Frankfurt,,GER,Halle (GER),10 JUN 1928
41.0h y,,Newark AC,,USA,Lincoln* NE (USA),02 JUL 1927
41.0h,,United States,,USA,Stade de Colombes* Colombes (FRA),13 JUL 1924
42.0h,,Netherlands,,NED,Stade de Colombes* Colombes (FRA),12 JUL 1924
42.0h,,Great Britain & NI,,GBR,Stade de Colombes* Colombes (FRA),12 JUL 1924
42.2h,,United States,,USA,Champs de Beerschot Stadium* Antwerpen (BEL),22 AUG 1920
42.3h,,Germany,,GER,Olympiastadion* Stockholm (SWE),08 JUL 1912
1:18.63,,Jamaica,,JAM,T. Robinson Stadium* Nassau (BAH),24 MAY 2014
1:18.68,,Santa Monica Track Club,,USA,Walnut* CA (USA),17 APR 1994
1:19.11,,Santa Monica Track Club,,USA,Philadelphia* PA (USA),23 APR 1992
1:19.38,,Santa Monica Track Club,,USA,Koblenz (GER),23 AUG 1989
1:20.3h,,USC,,USA,Tempe* AZ (USA),27 MAY 1978
1:21.4h,,Arizona State,,USA,Philadelphia* PA (USA),28 APR 1977
1:21.5h,,Tennessee,,USA,Philadelphia* PA (USA),22 APR 1976
1:21.5h,,Italy,,ITA,Barletta (ITA),21 JUL 1972
1:21.7h y,,Texas A&M,,USA,Des Moines* IA (USA),24 APR 1970
1:22.1h y,,San Jose St.,,USA,Fresno* CA (USA),13 MAY 1967
1:22.6h y,,Abilene Christian College,,USA,Modesto* CA (USA),31 MAY 1958
1:22.7h y,,University of Texas,,USA,Austin* TX (USA),05 APR 1957
1:23.8h y,,United States,,USA,Sydney (AUS),05 DEC 1956
1:24.0h y,,Abilene Christian College,,USA,Modesto* CA (USA),26 MAY 1956
1:24.0h y,,USC,,USA,Los Angeles* CA (USA),20 MAY 1949
1:24.4h y,,USC,,USA,Fresno* CA (USA),14 MAY 1949
1:25.0h y,,Stanford,,USA,Fresno* CA (USA),15 MAY 1937
1:25.8h y,,USC,,USA,Los Angeles* CA (USA),14 MAY 1927
1:27.4h y,,New York AC,,USA,Pasadena* CA (USA),05 JUL 1921
1:27.8h y,,Penn,,USA,Philadelphia* PA (USA),07 JUN 1919
1:36.0h,,AIK Stockholm,,SWE,Stockholm (SWE),13 SEP 1908
2:54.29,,United States,,USA,Gottlieb-Daimler Stadion* Stuttgart (GER),22 AUG 1993
2:55.74,,United States,,USA,Estadio Ol?mpico* Barcelona (ESP),08 AUG 1992
2:56.16,,United States,,USA,Olympic Stadium* Jamsil* Seoul (KOR),01 OCT 1988
2:56.1h,,United States,,USA,Estadio Ol?mpico* Ciudad de M?xico (MEX),20 OCT 1968
2:59.6h,,United States,,USA,Los Angeles* CA (USA),24 JUL 1966
3:00.7h,,United States,,USA,National Stadium* Tokyo (JPN),21 OCT 1964
3:02.2h,,United States,,USA,Stadio Olimpico* Roma (ITA),08 SEP 1960
3:03.9h,,Jamaica,,JAM,Olympiastadion* Helsinki (FIN),27 JUL 1952
3:08.2h,,United States,,USA,Memorial Coliseum* Los Angeles* CA (USA),07 AUG 1932
3:12.6h y,,Stanford,,USA,Fresno* CA (USA),08 MAY 1931
3:13.4h y,,United States,,USA,London (GBR),11 AUG 1928
3:14.2h,,United States,,USA,Olympisch Stadion* Amsterdam (NED),05 AUG 1928
3:16.0h,,United States,,USA,Stade de Colombes* Colombes (FRA),13 JUL 1924
3:16.6h,,United States,,USA,Olympiastadion* Stockholm (SWE),15 JUL 1912
3:18.2h y,,Irish-American AC,,USA,New York* NY (USA),04 SEP 1911
7:02.43,,Kenya,,KEN,Boudewijnstadion* Bruxelles (BEL),25 AUG 2006
7:03.89,,Great Britain & NI,,GBR,London (GBR),30 AUG 1982
7:08.1h,,Soviet Union,,URS,Podolsk (URS),12 AUG 1978
7:08.6h,,Federal Republic of Germany,,FRG,Wiesbaden (GER),13 AUG 1966
7:15.8h,,Belgium,,BEL,Bosvoorde (BEL),08 AUG 1956
7:26.4h,,ZSKA Moskva,,URS,Riga (LAT),01 AUG 1955
7:26.8h,,Soviet Army Team,,URS,Kiev (URS),25 JUL 1954
7:27.3h y,,Fordham,,USA,Los Angeles* CA (USA),21 MAY 1954
7:28.0h,,?DA Praha,,TCH,Star? Boleslav (TCH),29 JUL 1953
7:29.0h,,Sweden,,SWE,Stockholm (SWE),13 SEP 1946
7:30.4h,,Germany,,GER,Braunschweig (GER),23 AUG 1941
7:34.5h y,,California,,USA,Los Angeles* CA (USA),24 MAY 1941
7:35.8h y,,United States,,USA,London (GBR),15 AUG 1936
7:41.4h y,,Boston AA,,USA,Philadelphia* PA (USA),06 JUL 1926
7:42.0h y,,Georgetown,,USA,Philadelphia* PA (USA),25 APR 1925
7:47.6h y,,Boston College,,USA,Philadelphia* PA (USA),24 APR 1924
7:49.4h y,,Penn,,USA,Philadelphia* PA (USA),29 APR 1922
7:50.4h y,,Oxford / Cambridge U.,,GBR,Philadelphia* PA (USA),01 MAY 1920
7:53.0h y,,United States,,USA,New City* NY (USA),05 SEP 1910
14:22.22,,Kenya,,KEN,T. Robinson Stadium* Nassau (BAH),25 MAY 2014
14:36.23,,Kenya,,KEN,Boudewijnstadion* Bruxelles (BEL),04 SEP 2009
14:38.8h,,Federal Republic of Germany,,FRG,K?ln (GER),16 AUG 1977
14:49.0h,,France,,FRA,St-Maur (FRA),25 JUN 1965
14:58.0h,,German Democratic Republic,,GDR,Potsdam (GDR),23 JUL 1963
15:04.2h,,France,,FRA,Versailles (FRA),28 JUN 1961
15:11.4h,,German Democratic Republic,,GDR,Poznan (POL),09 AUG 1958
15:14.8h,,Honv?d Budapest,,HUN,Budapest (HUN),29 SEP 1955
15:21.2h,,Honv?d Budapest,,HUN,Budapest (HUN),14 JUL 1954
15:27.2h,,Great Britain & NI,,GBR,London (GBR),23 SEP 1953
15:29.2h,,Hungary,,HUN,Budapest (HUN),23 SEP 1953
15:30.2h,,Gefle IF,,SWE,G?vle (SWE),03 JUL 1949
15:34.6h,,Gefle IF,,SWE,Karlstad (SWE),27 JUL 1947
15:38.6h,,Malm? AI,,SWE,Norrk?ping (SWE),29 JUL 1945
15:42.0h,,Brandk?rens IK Stockholm,,SWE,G?teborg (SWE),03 AUG 1941
15:54.8h,,Finland,,FIN,G?teborg (SWE),17 SEP 1939
15:55.6h,,Great Britain & NI,,GBR,K?ln (GER),30 AUG 1931
16:11.4h,,Turun Urheiluliitto Turku,,FIN,Viipuri (FIN),17 JUL 1926
16:26.2h,,Turun Urheiluliitto Turku,,FIN,Stockholm (SWE),12 JUL 1926
16:37.0h,,IF Linn?a Stockholm,,SWE,Norrk?ping (SWE),02 AUG 1925
16:40.2h,,IK G?ta Stockholm,,SWE,Stockholm (SWE),12 AUG 1919
1:57:06,,Kenya,,KEN,Chiba (JPN),23 NOV 2005
1:57:56,,Morocco,,MAR,Litochoro (GRE),17 APR 1994
